"Laikotarpis","Rodiklis","Administracinė teritorija","Matavimo vienetai","Reikšmė"
"2004","Miškingumas","Vilniaus apskritis","proc.","41.9"
"2005","Miškingumas","Vilniaus apskritis","proc.","42.0"
"2006","Miškingumas","Vilniaus apskritis","proc.","42.0"
"2007","Miškingumas","Vilniaus apskritis","proc.","42.0"
"2008","Miškingumas","Vilniaus apskritis","proc.","42.4"
"2009","Miškingumas","Vilniaus apskritis","proc.","42.9"
"2010","Miškingumas","Vilniaus apskritis","proc.","43.7"
"2011","Miškingumas","Vilniaus apskritis","proc.","44.0"
"2012","Miškingumas","Vilniaus apskritis","proc.","43.9"
"2013","Miškingumas","Vilniaus apskritis","proc.","44.0"
"2014","Miškingumas","Vilniaus apskritis","proc.","44.0"
"2015","Miškingumas","Vilniaus apskritis","proc.","44.1"
"2016","Miškingumas","Vilniaus apskritis","proc.","44.2"
"2017","Miškingumas","Vilniaus apskritis","proc.","44.3"
"2018","Miškingumas","Vilniaus apskritis","proc.","44.3"
"2019","Miškingumas","Vilniaus apskritis","proc.","44.3"
"2020","Miškingumas","Vilniaus apskritis","proc.","44.5"
"2021","Miškingumas","Vilniaus apskritis","proc.","44.4"
"2022","Miškingumas","Vilniaus apskritis","proc.","44.2"
"2023","Miškingumas","Vilniaus apskritis","proc.","44.2"
"2024","Miškingumas","Vilniaus apskritis","proc.","44.1"
"2004","Miškingumas","Elektrėnų sav.","proc.","33.8"
"2005","Miškingumas","Elektrėnų sav.","proc.","33.8"
"2006","Miškingumas","Elektrėnų sav.","proc.","33.8"
"2007","Miškingumas","Elektrėnų sav.","proc.","33.8"
"2008","Miškingumas","Elektrėnų sav.","proc.","33.8"
"2009","Miškingumas","Elektrėnų sav.","proc.","33.8"
"2010","Miškingumas","Elektrėnų sav.","proc.","34.1"
"2011","Miškingumas","Elektrėnų sav.","proc.","34.3"
"2012","Miškingumas","Elektrėnų sav.","proc.","32.5"
"2013","Miškingumas","Elektrėnų sav.","proc.","32.6"
"2014","Miškingumas","Elektrėnų sav.","proc.","32.7"
"2015","Miškingumas","Elektrėnų sav.","proc.","32.8"
"2016","Miškingumas","Elektrėnų sav.","proc.","32.8"
"2017","Miškingumas","Elektrėnų sav.","proc.","32.8"
"2018","Miškingumas","Elektrėnų sav.","proc.","32.9"
"2019","Miškingumas","Elektrėnų sav.","proc.","32.9"
"2020","Miškingumas","Elektrėnų sav.","proc.","33.0"
"2021","Miškingumas","Elektrėnų sav.","proc.","31.4"
"2022","Miškingumas","Elektrėnų sav.","proc.","33.7"
"2023","Miškingumas","Elektrėnų sav.","proc.","33.7"
"2024","Miškingumas","Elektrėnų sav.","proc.","34.0"
"2004","Miškingumas","Šalčininkų r. sav.","proc.","46.2"
"2005","Miškingumas","Šalčininkų r. sav.","proc.","46.3"
"2006","Miškingumas","Šalčininkų r. sav.","proc.","46.3"
"2007","Miškingumas","Šalčininkų r. sav.","proc.","46.3"
"2008","Miškingumas","Šalčininkų r. sav.","proc.","46.3"
"2009","Miškingumas","Šalčininkų r. sav.","proc.","46.4"
"2010","Miškingumas","Šalčininkų r. sav.","proc.","47.8"
"2011","Miškingumas","Šalčininkų r. sav.","proc.","48.0"
"2012","Miškingumas","Šalčininkų r. sav.","proc.","48.0"
"2013","Miškingumas","Šalčininkų r. sav.","proc.","48.0"
"2014","Miškingumas","Šalčininkų r. sav.","proc.","48.0"
"2015","Miškingumas","Šalčininkų r. sav.","proc.","48.3"
"2016","Miškingumas","Šalčininkų r. sav.","proc.","48.3"
"2017","Miškingumas","Šalčininkų r. sav.","proc.","48.4"
"2018","Miškingumas","Šalčininkų r. sav.","proc.","48.5"
"2019","Miškingumas","Šalčininkų r. sav.","proc.","48.5"
"2020","Miškingumas","Šalčininkų r. sav.","proc.","48.6"
"2021","Miškingumas","Šalčininkų r. sav.","proc.","48.7"
"2022","Miškingumas","Šalčininkų r. sav.","proc.","49.2"
"2023","Miškingumas","Šalčininkų r. sav.","proc.","49.2"
"2024","Miškingumas","Šalčininkų r. sav.","proc.","48.0"
"2004","Miškingumas","Širvintų r. sav.","proc.","30.5"
"2005","Miškingumas","Širvintų r. sav.","proc.","30.6"
"2006","Miškingumas","Širvintų r. sav.","proc.","30.6"
"2007","Miškingumas","Širvintų r. sav.","proc.","30.6"
"2008","Miškingumas","Širvintų r. sav.","proc.","33.3"
"2009","Miškingumas","Širvintų r. sav.","proc.","33.2"
"2010","Miškingumas","Širvintų r. sav.","proc.","33.2"
"2011","Miškingumas","Širvintų r. sav.","proc.","33.2"
"2012","Miškingumas","Širvintų r. sav.","proc.","33.2"
"2013","Miškingumas","Širvintų r. sav.","proc.","33.2"
"2014","Miškingumas","Širvintų r. sav.","proc.","33.3"
"2015","Miškingumas","Širvintų r. sav.","proc.","33.3"
"2016","Miškingumas","Širvintų r. sav.","proc.","33.4"
"2017","Miškingumas","Širvintų r. sav.","proc.","33.4"
"2018","Miškingumas","Širvintų r. sav.","proc.","33.5"
"2019","Miškingumas","Širvintų r. sav.","proc.","33.5"
"2020","Miškingumas","Širvintų r. sav.","proc.","33.6"
"2021","Miškingumas","Širvintų r. sav.","proc.","33.6"
"2022","Miškingumas","Širvintų r. sav.","proc.","33.7"
"2023","Miškingumas","Širvintų r. sav.","proc.","33.7"
"2024","Miškingumas","Širvintų r. sav.","proc.","33.9"
"2004","Miškingumas","Švenčionių r. sav.","proc.","55.8"
"2005","Miškingumas","Švenčionių r. sav.","proc.","55.9"
"2006","Miškingumas","Švenčionių r. sav.","proc.","55.9"
"2007","Miškingumas","Švenčionių r. sav.","proc.","55.9"
"2008","Miškingumas","Švenčionių r. sav.","proc.","55.9"
"2009","Miškingumas","Švenčionių r. sav.","proc.","58.7"
"2010","Miškingumas","Švenčionių r. sav.","proc.","60.0"
"2011","Miškingumas","Švenčionių r. sav.","proc.","59.9"
"2012","Miškingumas","Švenčionių r. sav.","proc.","60.0"
"2013","Miškingumas","Švenčionių r. sav.","proc.","60.2"
"2014","Miškingumas","Švenčionių r. sav.","proc.","60.3"
"2015","Miškingumas","Švenčionių r. sav.","proc.","60.4"
"2016","Miškingumas","Švenčionių r. sav.","proc.","60.6"
"2017","Miškingumas","Švenčionių r. sav.","proc.","60.7"
"2018","Miškingumas","Švenčionių r. sav.","proc.","60.2"
"2019","Miškingumas","Švenčionių r. sav.","proc.","60.2"
"2020","Miškingumas","Švenčionių r. sav.","proc.","60.3"
"2021","Miškingumas","Švenčionių r. sav.","proc.","60.5"
"2022","Miškingumas","Švenčionių r. sav.","proc.","60.6"
"2023","Miškingumas","Švenčionių r. sav.","proc.","60.7"
"2024","Miškingumas","Švenčionių r. sav.","proc.","60.3"
"2004","Miškingumas","Trakų r. sav.","proc.","47.5"
"2005","Miškingumas","Trakų r. sav.","proc.","47.7"
"2006","Miškingumas","Trakų r. sav.","proc.","47.7"
"2007","Miškingumas","Trakų r. sav.","proc.","47.7"
"2008","Miškingumas","Trakų r. sav.","proc.","47.7"
"2009","Miškingumas","Trakų r. sav.","proc.","47.7"
"2010","Miškingumas","Trakų r. sav.","proc.","49.6"
"2011","Miškingumas","Trakų r. sav.","proc.","49.7"
"2012","Miškingumas","Trakų r. sav.","proc.","49.7"
"2013","Miškingumas","Trakų r. sav.","proc.","49.8"
"2014","Miškingumas","Trakų r. sav.","proc.","49.9"
"2015","Miškingumas","Trakų r. sav.","proc.","49.9"
"2016","Miškingumas","Trakų r. sav.","proc.","49.9"
"2017","Miškingumas","Trakų r. sav.","proc.","50.3"
"2018","Miškingumas","Trakų r. sav.","proc.","50.5"
"2019","Miškingumas","Trakų r. sav.","proc.","50.5"
"2020","Miškingumas","Trakų r. sav.","proc.","50.5"
"2021","Miškingumas","Trakų r. sav.","proc.","51.4"
"2022","Miškingumas","Trakų r. sav.","proc.","50.1"
"2023","Miškingumas","Trakų r. sav.","proc.","50.2"
"2024","Miškingumas","Trakų r. sav.","proc.","50.0"
"2004","Miškingumas","Ukmergės r. sav.","proc.","31.3"
"2005","Miškingumas","Ukmergės r. sav.","proc.","31.4"
"2006","Miškingumas","Ukmergės r. sav.","proc.","31.4"
"2007","Miškingumas","Ukmergės r. sav.","proc.","31.4"
"2008","Miškingumas","Ukmergės r. sav.","proc.","32.6"
"2009","Miškingumas","Ukmergės r. sav.","proc.","32.4"
"2010","Miškingumas","Ukmergės r. sav.","proc.","32.4"
"2011","Miškingumas","Ukmergės r. sav.","proc.","32.4"
"2012","Miškingumas","Ukmergės r. sav.","proc.","32.4"
"2013","Miškingumas","Ukmergės r. sav.","proc.","32.4"
"2014","Miškingumas","Ukmergės r. sav.","proc.","32.5"
"2015","Miškingumas","Ukmergės r. sav.","proc.","32.6"
"2016","Miškingumas","Ukmergės r. sav.","proc.","32.6"
"2017","Miškingumas","Ukmergės r. sav.","proc.","32.6"
"2018","Miškingumas","Ukmergės r. sav.","proc.","32.9"
"2019","Miškingumas","Ukmergės r. sav.","proc.","32.9"
"2020","Miškingumas","Ukmergės r. sav.","proc.","33.0"
"2021","Miškingumas","Ukmergės r. sav.","proc.","33.1"
"2022","Miškingumas","Ukmergės r. sav.","proc.","33.1"
"2023","Miškingumas","Ukmergės r. sav.","proc.","33.2"
"2024","Miškingumas","Ukmergės r. sav.","proc.","33.4"
"2004","Miškingumas","Vilniaus m. sav.","proc.","35.6"
"2005","Miškingumas","Vilniaus m. sav.","proc.","35.6"
"2006","Miškingumas","Vilniaus m. sav.","proc.","35.6"
"2007","Miškingumas","Vilniaus m. sav.","proc.","35.6"
"2008","Miškingumas","Vilniaus m. sav.","proc.","35.6"
"2009","Miškingumas","Vilniaus m. sav.","proc.","34.8"
"2010","Miškingumas","Vilniaus m. sav.","proc.","34.7"
"2011","Miškingumas","Vilniaus m. sav.","proc.","34.5"
"2012","Miškingumas","Vilniaus m. sav.","proc.","34.5"
"2013","Miškingumas","Vilniaus m. sav.","proc.","34.6"
"2014","Miškingumas","Vilniaus m. sav.","proc.","34.6"
"2015","Miškingumas","Vilniaus m. sav.","proc.","34.6"
"2016","Miškingumas","Vilniaus m. sav.","proc.","34.7"
"2017","Miškingumas","Vilniaus m. sav.","proc.","34.6"
"2018","Miškingumas","Vilniaus m. sav.","proc.","34.6"
"2019","Miškingumas","Vilniaus m. sav.","proc.","34.6"
"2020","Miškingumas","Vilniaus m. sav.","proc.","34.1"
"2021","Miškingumas","Vilniaus m. sav.","proc.","33.6"
"2022","Miškingumas","Vilniaus m. sav.","proc.","34.2"
"2023","Miškingumas","Vilniaus m. sav.","proc.","34.2"
"2024","Miškingumas","Vilniaus m. sav.","proc.","34.2"
"2004","Miškingumas","Vilniaus r. sav.","proc.","39.5"
"2005","Miškingumas","Vilniaus r. sav.","proc.","39.6"
"2006","Miškingumas","Vilniaus r. sav.","proc.","39.6"
"2007","Miškingumas","Vilniaus r. sav.","proc.","39.6"
"2008","Miškingumas","Vilniaus r. sav.","proc.","39.7"
"2009","Miškingumas","Vilniaus r. sav.","proc.","39.7"
"2010","Miškingumas","Vilniaus r. sav.","proc.","40.3"
"2011","Miškingumas","Vilniaus r. sav.","proc.","41.6"
"2012","Miškingumas","Vilniaus r. sav.","proc.","41.6"
"2013","Miškingumas","Vilniaus r. sav.","proc.","41.6"
"2014","Miškingumas","Vilniaus r. sav.","proc.","41.6"
"2015","Miškingumas","Vilniaus r. sav.","proc.","41.7"
"2016","Miškingumas","Vilniaus r. sav.","proc.","41.7"
"2017","Miškingumas","Vilniaus r. sav.","proc.","41.7"
"2018","Miškingumas","Vilniaus r. sav.","proc.","41.7"
"2019","Miškingumas","Vilniaus r. sav.","proc.","41.7"
"2020","Miškingumas","Vilniaus r. sav.","proc.","42.4"
"2021","Miškingumas","Vilniaus r. sav.","proc.","42.0"
"2022","Miškingumas","Vilniaus r. sav.","proc.","42.0"
"2023","Miškingumas","Vilniaus r. sav.","proc.","42.0"
"2024","Miškingumas","Vilniaus r. sav.","proc.","40.6"
"2004","Miškingumas","Alytaus apskritis","proc.","49.0"
"2005","Miškingumas","Alytaus apskritis","proc.","49.1"
"2006","Miškingumas","Alytaus apskritis","proc.","49.1"
"2007","Miškingumas","Alytaus apskritis","proc.","49.1"
"2008","Miškingumas","Alytaus apskritis","proc.","49.1"
"2009","Miškingumas","Alytaus apskritis","proc.","49.1"
"2010","Miškingumas","Alytaus apskritis","proc.","49.1"
"2011","Miškingumas","Alytaus apskritis","proc.","49.1"
"2012","Miškingumas","Alytaus apskritis","proc.","49.0"
"2013","Miškingumas","Alytaus apskritis","proc.","49.0"
"2014","Miškingumas","Alytaus apskritis","proc.","49.1"
"2015","Miškingumas","Alytaus apskritis","proc.","49.3"
"2016","Miškingumas","Alytaus apskritis","proc.","49.3"
"2017","Miškingumas","Alytaus apskritis","proc.","49.4"
"2018","Miškingumas","Alytaus apskritis","proc.","49.5"
"2019","Miškingumas","Alytaus apskritis","proc.","49.5"
"2020","Miškingumas","Alytaus apskritis","proc.","49.5"
"2021","Miškingumas","Alytaus apskritis","proc.","49.5"
"2022","Miškingumas","Alytaus apskritis","proc.","49.3"
"2023","Miškingumas","Alytaus apskritis","proc.","49.3"
"2024","Miškingumas","Alytaus apskritis","proc.","49.9"
"2004","Miškingumas","Alytaus m. sav.","proc.","30.4"
"2005","Miškingumas","Alytaus m. sav.","proc.","31.8"
"2006","Miškingumas","Alytaus m. sav.","proc.","31.8"
"2007","Miškingumas","Alytaus m. sav.","proc.","31.8"
"2008","Miškingumas","Alytaus m. sav.","proc.","31.8"
"2009","Miškingumas","Alytaus m. sav.","proc.","31.8"
"2010","Miškingumas","Alytaus m. sav.","proc.","31.8"
"2011","Miškingumas","Alytaus m. sav.","proc.","31.8"
"2012","Miškingumas","Alytaus m. sav.","proc.","32.0"
"2013","Miškingumas","Alytaus m. sav.","proc.","32.5"
"2014","Miškingumas","Alytaus m. sav.","proc.","32.5"
"2015","Miškingumas","Alytaus m. sav.","proc.","32.5"
"2016","Miškingumas","Alytaus m. sav.","proc.","32.5"
"2017","Miškingumas","Alytaus m. sav.","proc.","32.5"
"2018","Miškingumas","Alytaus m. sav.","proc.","32.5"
"2019","Miškingumas","Alytaus m. sav.","proc.","32.5"
"2020","Miškingumas","Alytaus m. sav.","proc.","32.5"
"2021","Miškingumas","Alytaus m. sav.","proc.","32.5"
"2022","Miškingumas","Alytaus m. sav.","proc.","32.5"
"2023","Miškingumas","Alytaus m. sav.","proc.","32.5"
"2024","Miškingumas","Alytaus m. sav.","proc.","32.3"
"2004","Miškingumas","Alytaus r. sav.","proc.","24.6"
"2005","Miškingumas","Alytaus r. sav.","proc.","24.7"
"2006","Miškingumas","Alytaus r. sav.","proc.","24.7"
"2007","Miškingumas","Alytaus r. sav.","proc.","24.7"
"2008","Miškingumas","Alytaus r. sav.","proc.","24.7"
"2009","Miškingumas","Alytaus r. sav.","proc.","24.7"
"2010","Miškingumas","Alytaus r. sav.","proc.","24.7"
"2011","Miškingumas","Alytaus r. sav.","proc.","24.5"
"2012","Miškingumas","Alytaus r. sav.","proc.","24.9"
"2013","Miškingumas","Alytaus r. sav.","proc.","25.0"
"2014","Miškingumas","Alytaus r. sav.","proc.","25.0"
"2015","Miškingumas","Alytaus r. sav.","proc.","25.1"
"2016","Miškingumas","Alytaus r. sav.","proc.","25.0"
"2017","Miškingumas","Alytaus r. sav.","proc.","25.1"
"2018","Miškingumas","Alytaus r. sav.","proc.","25.1"
"2019","Miškingumas","Alytaus r. sav.","proc.","25.1"
"2020","Miškingumas","Alytaus r. sav.","proc.","25.1"
"2021","Miškingumas","Alytaus r. sav.","proc.","25.1"
"2022","Miškingumas","Alytaus r. sav.","proc.","25.2"
"2023","Miškingumas","Alytaus r. sav.","proc.","25.3"
"2024","Miškingumas","Alytaus r. sav.","proc.","25.3"
"2004","Miškingumas","Druskininkų sav.","proc.","69.2"
"2005","Miškingumas","Druskininkų sav.","proc.","69.2"
"2006","Miškingumas","Druskininkų sav.","proc.","69.2"
"2007","Miškingumas","Druskininkų sav.","proc.","69.2"
"2008","Miškingumas","Druskininkų sav.","proc.","69.2"
"2009","Miškingumas","Druskininkų sav.","proc.","69.2"
"2010","Miškingumas","Druskininkų sav.","proc.","69.2"
"2011","Miškingumas","Druskininkų sav.","proc.","68.7"
"2012","Miškingumas","Druskininkų sav.","proc.","69.1"
"2013","Miškingumas","Druskininkų sav.","proc.","69.0"
"2014","Miškingumas","Druskininkų sav.","proc.","69.1"
"2015","Miškingumas","Druskininkų sav.","proc.","69.1"
"2016","Miškingumas","Druskininkų sav.","proc.","69.1"
"2017","Miškingumas","Druskininkų sav.","proc.","69.1"
"2018","Miškingumas","Druskininkų sav.","proc.","69.4"
"2019","Miškingumas","Druskininkų sav.","proc.","69.4"
"2020","Miškingumas","Druskininkų sav.","proc.","69.3"
"2021","Miškingumas","Druskininkų sav.","proc.","69.3"
"2022","Miškingumas","Druskininkų sav.","proc.","57.9"
"2023","Miškingumas","Druskininkų sav.","proc.","57.9"
"2024","Miškingumas","Druskininkų sav.","proc.","69.7"
"2004","Miškingumas","Lazdijų r. sav.","proc.","34.8"
"2005","Miškingumas","Lazdijų r. sav.","proc.","34.9"
"2006","Miškingumas","Lazdijų r. sav.","proc.","34.9"
"2007","Miškingumas","Lazdijų r. sav.","proc.","34.9"
"2008","Miškingumas","Lazdijų r. sav.","proc.","34.9"
"2009","Miškingumas","Lazdijų r. sav.","proc.","34.9"
"2010","Miškingumas","Lazdijų r. sav.","proc.","34.9"
"2011","Miškingumas","Lazdijų r. sav.","proc.","35.5"
"2012","Miškingumas","Lazdijų r. sav.","proc.","35.0"
"2013","Miškingumas","Lazdijų r. sav.","proc.","35.2"
"2014","Miškingumas","Lazdijų r. sav.","proc.","35.2"
"2015","Miškingumas","Lazdijų r. sav.","proc.","35.9"
"2016","Miškingumas","Lazdijų r. sav.","proc.","35.9"
"2017","Miškingumas","Lazdijų r. sav.","proc.","36.0"
"2018","Miškingumas","Lazdijų r. sav.","proc.","36.0"
"2019","Miškingumas","Lazdijų r. sav.","proc.","36.0"
"2020","Miškingumas","Lazdijų r. sav.","proc.","36.1"
"2021","Miškingumas","Lazdijų r. sav.","proc.","36.2"
"2022","Miškingumas","Lazdijų r. sav.","proc.","36.6"
"2023","Miškingumas","Lazdijų r. sav.","proc.","36.6"
"2024","Miškingumas","Lazdijų r. sav.","proc.","36.9"
"2004","Miškingumas","Varėnos r. sav.","proc.","69.0"
"2005","Miškingumas","Varėnos r. sav.","proc.","69.1"
"2006","Miškingumas","Varėnos r. sav.","proc.","69.1"
"2007","Miškingumas","Varėnos r. sav.","proc.","69.1"
"2008","Miškingumas","Varėnos r. sav.","proc.","69.1"
"2009","Miškingumas","Varėnos r. sav.","proc.","69.1"
"2010","Miškingumas","Varėnos r. sav.","proc.","69.1"
"2011","Miškingumas","Varėnos r. sav.","proc.","68.9"
"2012","Miškingumas","Varėnos r. sav.","proc.","68.7"
"2013","Miškingumas","Varėnos r. sav.","proc.","68.7"
"2014","Miškingumas","Varėnos r. sav.","proc.","68.7"
"2015","Miškingumas","Varėnos r. sav.","proc.","68.8"
"2016","Miškingumas","Varėnos r. sav.","proc.","68.8"
"2017","Miškingumas","Varėnos r. sav.","proc.","69.1"
"2018","Miškingumas","Varėnos r. sav.","proc.","69.0"
"2019","Miškingumas","Varėnos r. sav.","proc.","69.0"
"2020","Miškingumas","Varėnos r. sav.","proc.","69.1"
"2021","Miškingumas","Varėnos r. sav.","proc.","69.1"
"2022","Miškingumas","Varėnos r. sav.","proc.","71.4"
"2023","Miškingumas","Varėnos r. sav.","proc.","71.4"
"2024","Miškingumas","Varėnos r. sav.","proc.","69.5"
"2004","Miškingumas","Kauno apskritis","proc.","29.5"
"2005","Miškingumas","Kauno apskritis","proc.","29.5"
"2006","Miškingumas","Kauno apskritis","proc.","29.6"
"2007","Miškingumas","Kauno apskritis","proc.","29.6"
"2008","Miškingumas","Kauno apskritis","proc.","29.6"
"2009","Miškingumas","Kauno apskritis","proc.","29.6"
"2010","Miškingumas","Kauno apskritis","proc.","29.6"
"2011","Miškingumas","Kauno apskritis","proc.","29.6"
"2012","Miškingumas","Kauno apskritis","proc.","29.7"
"2013","Miškingumas","Kauno apskritis","proc.","29.6"
"2014","Miškingumas","Kauno apskritis","proc.","29.7"
"2015","Miškingumas","Kauno apskritis","proc.","29.7"
"2016","Miškingumas","Kauno apskritis","proc.","29.7"
"2017","Miškingumas","Kauno apskritis","proc.","29.7"
"2018","Miškingumas","Kauno apskritis","proc.","29.7"
"2019","Miškingumas","Kauno apskritis","proc.","29.7"
"2020","Miškingumas","Kauno apskritis","proc.","29.7"
"2021","Miškingumas","Kauno apskritis","proc.","29.8"
"2022","Miškingumas","Kauno apskritis","proc.","29.7"
"2023","Miškingumas","Kauno apskritis","proc.","29.7"
"2024","Miškingumas","Kauno apskritis","proc.","30.1"
"2004","Miškingumas","Birštono sav.","proc.","46.5"
"2005","Miškingumas","Birštono sav.","proc.","46.6"
"2006","Miškingumas","Birštono sav.","proc.","46.5"
"2007","Miškingumas","Birštono sav.","proc.","46.5"
"2008","Miškingumas","Birštono sav.","proc.","46.5"
"2009","Miškingumas","Birštono sav.","proc.","46.5"
"2010","Miškingumas","Birštono sav.","proc.","46.5"
"2011","Miškingumas","Birštono sav.","proc.","46.5"
"2012","Miškingumas","Birštono sav.","proc.","46.5"
"2013","Miškingumas","Birštono sav.","proc.","46.0"
"2014","Miškingumas","Birštono sav.","proc.","47.1"
"2015","Miškingumas","Birštono sav.","proc.","47.1"
"2016","Miškingumas","Birštono sav.","proc.","47.1"
"2017","Miškingumas","Birštono sav.","proc.","47.1"
"2018","Miškingumas","Birštono sav.","proc.","47.1"
"2019","Miškingumas","Birštono sav.","proc.","47.1"
"2020","Miškingumas","Birštono sav.","proc.","47.2"
"2021","Miškingumas","Birštono sav.","proc.","47.1"
"2022","Miškingumas","Birštono sav.","proc.","47.2"
"2023","Miškingumas","Birštono sav.","proc.","47.2"
"2024","Miškingumas","Birštono sav.","proc.","47.2"
"2004","Miškingumas","Jonavos r. sav.","proc.","41.8"
"2005","Miškingumas","Jonavos r. sav.","proc.","41.9"
"2006","Miškingumas","Jonavos r. sav.","proc.","41.9"
"2007","Miškingumas","Jonavos r. sav.","proc.","41.9"
"2008","Miškingumas","Jonavos r. sav.","proc.","41.9"
"2009","Miškingumas","Jonavos r. sav.","proc.","41.9"
"2010","Miškingumas","Jonavos r. sav.","proc.","41.9"
"2011","Miškingumas","Jonavos r. sav.","proc.","41.9"
"2012","Miškingumas","Jonavos r. sav.","proc.","41.8"
"2013","Miškingumas","Jonavos r. sav.","proc.","41.8"
"2014","Miškingumas","Jonavos r. sav.","proc.","41.8"
"2015","Miškingumas","Jonavos r. sav.","proc.","41.8"
"2016","Miškingumas","Jonavos r. sav.","proc.","41.7"
"2017","Miškingumas","Jonavos r. sav.","proc.","41.8"
"2018","Miškingumas","Jonavos r. sav.","proc.","41.3"
"2019","Miškingumas","Jonavos r. sav.","proc.","41.3"
"2020","Miškingumas","Jonavos r. sav.","proc.","41.3"
"2021","Miškingumas","Jonavos r. sav.","proc.","41.2"
"2022","Miškingumas","Jonavos r. sav.","proc.","41.2"
"2023","Miškingumas","Jonavos r. sav.","proc.","41.2"
"2024","Miškingumas","Jonavos r. sav.","proc.","41.6"
"2004","Miškingumas","Kaišiadorių r. sav.","proc.","31.4"
"2005","Miškingumas","Kaišiadorių r. sav.","proc.","31.5"
"2006","Miškingumas","Kaišiadorių r. sav.","proc.","31.5"
"2007","Miškingumas","Kaišiadorių r. sav.","proc.","31.5"
"2008","Miškingumas","Kaišiadorių r. sav.","proc.","31.5"
"2009","Miškingumas","Kaišiadorių r. sav.","proc.","31.6"
"2010","Miškingumas","Kaišiadorių r. sav.","proc.","31.5"
"2011","Miškingumas","Kaišiadorių r. sav.","proc.","31.5"
"2012","Miškingumas","Kaišiadorių r. sav.","proc.","32.6"
"2013","Miškingumas","Kaišiadorių r. sav.","proc.","32.7"
"2014","Miškingumas","Kaišiadorių r. sav.","proc.","32.8"
"2015","Miškingumas","Kaišiadorių r. sav.","proc.","32.8"
"2016","Miškingumas","Kaišiadorių r. sav.","proc.","32.8"
"2017","Miškingumas","Kaišiadorių r. sav.","proc.","33.0"
"2018","Miškingumas","Kaišiadorių r. sav.","proc.","33.0"
"2019","Miškingumas","Kaišiadorių r. sav.","proc.","33.0"
"2020","Miškingumas","Kaišiadorių r. sav.","proc.","33.0"
"2021","Miškingumas","Kaišiadorių r. sav.","proc.","33.3"
"2022","Miškingumas","Kaišiadorių r. sav.","proc.","33.4"
"2023","Miškingumas","Kaišiadorių r. sav.","proc.","33.5"
"2024","Miškingumas","Kaišiadorių r. sav.","proc.","33.7"
"2004","Miškingumas","Kauno m. sav.","proc.","20.6"
"2005","Miškingumas","Kauno m. sav.","proc.","16.8"
"2006","Miškingumas","Kauno m. sav.","proc.","16.9"
"2007","Miškingumas","Kauno m. sav.","proc.","16.9"
"2008","Miškingumas","Kauno m. sav.","proc.","16.9"
"2009","Miškingumas","Kauno m. sav.","proc.","16.9"
"2010","Miškingumas","Kauno m. sav.","proc.","16.9"
"2011","Miškingumas","Kauno m. sav.","proc.","16.9"
"2012","Miškingumas","Kauno m. sav.","proc.","16.6"
"2013","Miškingumas","Kauno m. sav.","proc.","17.7"
"2014","Miškingumas","Kauno m. sav.","proc.","17.7"
"2015","Miškingumas","Kauno m. sav.","proc.","17.7"
"2016","Miškingumas","Kauno m. sav.","proc.","17.7"
"2017","Miškingumas","Kauno m. sav.","proc.","17.6"
"2018","Miškingumas","Kauno m. sav.","proc.","17.5"
"2019","Miškingumas","Kauno m. sav.","proc.","17.5"
"2020","Miškingumas","Kauno m. sav.","proc.","17.4"
"2021","Miškingumas","Kauno m. sav.","proc.","15.3"
"2022","Miškingumas","Kauno m. sav.","proc.","15.3"
"2023","Miškingumas","Kauno m. sav.","proc.","15.4"
"2024","Miškingumas","Kauno m. sav.","proc.","15.4"
"2004","Miškingumas","Kauno r. sav.","proc.","32.6"
"2005","Miškingumas","Kauno r. sav.","proc.","32.7"
"2006","Miškingumas","Kauno r. sav.","proc.","32.7"
"2007","Miškingumas","Kauno r. sav.","proc.","32.7"
"2008","Miškingumas","Kauno r. sav.","proc.","32.7"
"2009","Miškingumas","Kauno r. sav.","proc.","32.7"
"2010","Miškingumas","Kauno r. sav.","proc.","32.7"
"2011","Miškingumas","Kauno r. sav.","proc.","32.7"
"2012","Miškingumas","Kauno r. sav.","proc.","32.8"
"2013","Miškingumas","Kauno r. sav.","proc.","32.5"
"2014","Miškingumas","Kauno r. sav.","proc.","32.5"
"2015","Miškingumas","Kauno r. sav.","proc.","32.5"
"2016","Miškingumas","Kauno r. sav.","proc.","32.5"
"2017","Miškingumas","Kauno r. sav.","proc.","32.3"
"2018","Miškingumas","Kauno r. sav.","proc.","32.3"
"2019","Miškingumas","Kauno r. sav.","proc.","32.3"
"2020","Miškingumas","Kauno r. sav.","proc.","32.4"
"2021","Miškingumas","Kauno r. sav.","proc.","32.4"
"2022","Miškingumas","Kauno r. sav.","proc.","32.3"
"2023","Miškingumas","Kauno r. sav.","proc.","32.4"
"2024","Miškingumas","Kauno r. sav.","proc.","32.6"
"2004","Miškingumas","Kėdainių r. sav.","proc.","25.5"
"2005","Miškingumas","Kėdainių r. sav.","proc.","25.5"
"2006","Miškingumas","Kėdainių r. sav.","proc.","25.6"
"2007","Miškingumas","Kėdainių r. sav.","proc.","25.6"
"2008","Miškingumas","Kėdainių r. sav.","proc.","25.5"
"2009","Miškingumas","Kėdainių r. sav.","proc.","25.6"
"2010","Miškingumas","Kėdainių r. sav.","proc.","25.5"
"2011","Miškingumas","Kėdainių r. sav.","proc.","25.5"
"2012","Miškingumas","Kėdainių r. sav.","proc.","25.5"
"2013","Miškingumas","Kėdainių r. sav.","proc.","25.1"
"2014","Miškingumas","Kėdainių r. sav.","proc.","25.1"
"2015","Miškingumas","Kėdainių r. sav.","proc.","25.1"
"2016","Miškingumas","Kėdainių r. sav.","proc.","25.0"
"2017","Miškingumas","Kėdainių r. sav.","proc.","25.0"
"2018","Miškingumas","Kėdainių r. sav.","proc.","25.1"
"2019","Miškingumas","Kėdainių r. sav.","proc.","25.1"
"2020","Miškingumas","Kėdainių r. sav.","proc.","25.1"
"2021","Miškingumas","Kėdainių r. sav.","proc.","25.5"
"2022","Miškingumas","Kėdainių r. sav.","proc.","25.5"
"2023","Miškingumas","Kėdainių r. sav.","proc.","25.6"
"2024","Miškingumas","Kėdainių r. sav.","proc.","25.8"
"2004","Miškingumas","Prienų r. sav.","proc.","27.4"
"2005","Miškingumas","Prienų r. sav.","proc.","27.6"
"2006","Miškingumas","Prienų r. sav.","proc.","27.6"
"2007","Miškingumas","Prienų r. sav.","proc.","27.6"
"2008","Miškingumas","Prienų r. sav.","proc.","27.6"
"2009","Miškingumas","Prienų r. sav.","proc.","27.7"
"2010","Miškingumas","Prienų r. sav.","proc.","27.7"
"2011","Miškingumas","Prienų r. sav.","proc.","27.7"
"2012","Miškingumas","Prienų r. sav.","proc.","27.7"
"2013","Miškingumas","Prienų r. sav.","proc.","27.8"
"2014","Miškingumas","Prienų r. sav.","proc.","27.7"
"2015","Miškingumas","Prienų r. sav.","proc.","27.7"
"2016","Miškingumas","Prienų r. sav.","proc.","27.7"
"2017","Miškingumas","Prienų r. sav.","proc.","27.7"
"2018","Miškingumas","Prienų r. sav.","proc.","27.8"
"2019","Miškingumas","Prienų r. sav.","proc.","27.8"
"2020","Miškingumas","Prienų r. sav.","proc.","27.8"
"2021","Miškingumas","Prienų r. sav.","proc.","27.8"
"2022","Miškingumas","Prienų r. sav.","proc.","27.8"
"2023","Miškingumas","Prienų r. sav.","proc.","27.8"
"2024","Miškingumas","Prienų r. sav.","proc.","27.8"
"2004","Miškingumas","Raseinių r. sav.","proc.","22.9"
"2005","Miškingumas","Raseinių r. sav.","proc.","23.0"
"2006","Miškingumas","Raseinių r. sav.","proc.","23.3"
"2007","Miškingumas","Raseinių r. sav.","proc.","23.3"
"2008","Miškingumas","Raseinių r. sav.","proc.","23.4"
"2009","Miškingumas","Raseinių r. sav.","proc.","23.4"
"2010","Miškingumas","Raseinių r. sav.","proc.","23.4"
"2011","Miškingumas","Raseinių r. sav.","proc.","23.4"
"2012","Miškingumas","Raseinių r. sav.","proc.","23.4"
"2013","Miškingumas","Raseinių r. sav.","proc.","23.4"
"2014","Miškingumas","Raseinių r. sav.","proc.","23.7"
"2015","Miškingumas","Raseinių r. sav.","proc.","23.8"
"2016","Miškingumas","Raseinių r. sav.","proc.","23.8"
"2017","Miškingumas","Raseinių r. sav.","proc.","24.0"
"2018","Miškingumas","Raseinių r. sav.","proc.","24.0"
"2019","Miškingumas","Raseinių r. sav.","proc.","24.0"
"2020","Miškingumas","Raseinių r. sav.","proc.","24.0"
"2021","Miškingumas","Raseinių r. sav.","proc.","24.0"
"2022","Miškingumas","Raseinių r. sav.","proc.","24.0"
"2023","Miškingumas","Raseinių r. sav.","proc.","24.0"
"2024","Miškingumas","Raseinių r. sav.","proc.","24.2"
"2004","Miškingumas","Klaipėdos apskritis","proc.","24.7"
"2005","Miškingumas","Klaipėdos apskritis","proc.","26.3"
"2006","Miškingumas","Klaipėdos apskritis","proc.","26.5"
"2007","Miškingumas","Klaipėdos apskritis","proc.","26.5"
"2008","Miškingumas","Klaipėdos apskritis","proc.","26.5"
"2009","Miškingumas","Klaipėdos apskritis","proc.","26.4"
"2010","Miškingumas","Klaipėdos apskritis","proc.","26.4"
"2011","Miškingumas","Klaipėdos apskritis","proc.","26.4"
"2012","Miškingumas","Klaipėdos apskritis","proc.","26.4"
"2013","Miškingumas","Klaipėdos apskritis","proc.","26.5"
"2014","Miškingumas","Klaipėdos apskritis","proc.","26.5"
"2015","Miškingumas","Klaipėdos apskritis","proc.","26.5"
"2016","Miškingumas","Klaipėdos apskritis","proc.","26.6"
"2017","Miškingumas","Klaipėdos apskritis","proc.","26.6"
"2018","Miškingumas","Klaipėdos apskritis","proc.","26.6"
"2019","Miškingumas","Klaipėdos apskritis","proc.","26.6"
"2020","Miškingumas","Klaipėdos apskritis","proc.","26.5"
"2021","Miškingumas","Klaipėdos apskritis","proc.","26.5"
"2022","Miškingumas","Klaipėdos apskritis","proc.","26.6"
"2023","Miškingumas","Klaipėdos apskritis","proc.","26.6"
"2024","Miškingumas","Klaipėdos apskritis","proc.","26.7"
"2004","Miškingumas","Klaipėdos m. sav.","proc.","16.3"
"2005","Miškingumas","Klaipėdos m. sav.","proc.","20.5"
"2006","Miškingumas","Klaipėdos m. sav.","proc.","20.6"
"2007","Miškingumas","Klaipėdos m. sav.","proc.","20.6"
"2008","Miškingumas","Klaipėdos m. sav.","proc.","20.6"
"2009","Miškingumas","Klaipėdos m. sav.","proc.","20.6"
"2010","Miškingumas","Klaipėdos m. sav.","proc.","19.9"
"2011","Miškingumas","Klaipėdos m. sav.","proc.","19.9"
"2012","Miškingumas","Klaipėdos m. sav.","proc.","19.9"
"2013","Miškingumas","Klaipėdos m. sav.","proc.","19.9"
"2014","Miškingumas","Klaipėdos m. sav.","proc.","19.8"
"2015","Miškingumas","Klaipėdos m. sav.","proc.","19.9"
"2016","Miškingumas","Klaipėdos m. sav.","proc.","19.9"
"2017","Miškingumas","Klaipėdos m. sav.","proc.","19.9"
"2018","Miškingumas","Klaipėdos m. sav.","proc.","19.8"
"2019","Miškingumas","Klaipėdos m. sav.","proc.","19.9"
"2020","Miškingumas","Klaipėdos m. sav.","proc.","19.8"
"2021","Miškingumas","Klaipėdos m. sav.","proc.","19.8"
"2022","Miškingumas","Klaipėdos m. sav.","proc.","19.8"
"2023","Miškingumas","Klaipėdos m. sav.","proc.","19.9"
"2024","Miškingumas","Klaipėdos m. sav.","proc.","19.8"
"2004","Miškingumas","Klaipėdos r. sav.","proc.","23.8"
"2005","Miškingumas","Klaipėdos r. sav.","proc.","25.9"
"2006","Miškingumas","Klaipėdos r. sav.","proc.","26.0"
"2007","Miškingumas","Klaipėdos r. sav.","proc.","26.0"
"2008","Miškingumas","Klaipėdos r. sav.","proc.","26.0"
"2009","Miškingumas","Klaipėdos r. sav.","proc.","26.0"
"2010","Miškingumas","Klaipėdos r. sav.","proc.","26.0"
"2011","Miškingumas","Klaipėdos r. sav.","proc.","26.0"
"2012","Miškingumas","Klaipėdos r. sav.","proc.","26.0"
"2013","Miškingumas","Klaipėdos r. sav.","proc.","26.0"
"2014","Miškingumas","Klaipėdos r. sav.","proc.","26.0"
"2015","Miškingumas","Klaipėdos r. sav.","proc.","26.4"
"2016","Miškingumas","Klaipėdos r. sav.","proc.","26.4"
"2017","Miškingumas","Klaipėdos r. sav.","proc.","26.4"
"2018","Miškingumas","Klaipėdos r. sav.","proc.","26.5"
"2019","Miškingumas","Klaipėdos r. sav.","proc.","26.5"
"2020","Miškingumas","Klaipėdos r. sav.","proc.","26.5"
"2021","Miškingumas","Klaipėdos r. sav.","proc.","26.4"
"2022","Miškingumas","Klaipėdos r. sav.","proc.","26.5"
"2023","Miškingumas","Klaipėdos r. sav.","proc.","26.5"
"2024","Miškingumas","Klaipėdos r. sav.","proc.","26.6"
"2004","Miškingumas","Kretingos r. sav.","proc.","33.1"
"2005","Miškingumas","Kretingos r. sav.","proc.","34.4"
"2006","Miškingumas","Kretingos r. sav.","proc.","34.6"
"2007","Miškingumas","Kretingos r. sav.","proc.","34.6"
"2008","Miškingumas","Kretingos r. sav.","proc.","34.6"
"2009","Miškingumas","Kretingos r. sav.","proc.","34.6"
"2010","Miškingumas","Kretingos r. sav.","proc.","34.6"
"2011","Miškingumas","Kretingos r. sav.","proc.","34.6"
"2012","Miškingumas","Kretingos r. sav.","proc.","34.6"
"2013","Miškingumas","Kretingos r. sav.","proc.","34.6"
"2014","Miškingumas","Kretingos r. sav.","proc.","34.6"
"2015","Miškingumas","Kretingos r. sav.","proc.","34.9"
"2016","Miškingumas","Kretingos r. sav.","proc.","35.0"
"2017","Miškingumas","Kretingos r. sav.","proc.","35.0"
"2018","Miškingumas","Kretingos r. sav.","proc.","35.0"
"2019","Miškingumas","Kretingos r. sav.","proc.","35.0"
"2020","Miškingumas","Kretingos r. sav.","proc.","35.0"
"2021","Miškingumas","Kretingos r. sav.","proc.","35.0"
"2022","Miškingumas","Kretingos r. sav.","proc.","34.9"
"2023","Miškingumas","Kretingos r. sav.","proc.","35.0"
"2024","Miškingumas","Kretingos r. sav.","proc.","35.1"
"2004","Miškingumas","Neringos sav.","proc.","84.1"
"2005","Miškingumas","Neringos sav.","proc.","84.1"
"2006","Miškingumas","Neringos sav.","proc.","84.1"
"2007","Miškingumas","Neringos sav.","proc.","84.1"
"2008","Miškingumas","Neringos sav.","proc.","84.1"
"2009","Miškingumas","Neringos sav.","proc.","83.0"
"2010","Miškingumas","Neringos sav.","proc.","83.0"
"2011","Miškingumas","Neringos sav.","proc.","83.0"
"2012","Miškingumas","Neringos sav.","proc.","83.0"
"2013","Miškingumas","Neringos sav.","proc.","83.0"
"2014","Miškingumas","Neringos sav.","proc.","82.5"
"2015","Miškingumas","Neringos sav.","proc.","53.5"
"2016","Miškingumas","Neringos sav.","proc.","53.7"
"2017","Miškingumas","Neringos sav.","proc.","53.7"
"2018","Miškingumas","Neringos sav.","proc.","53.7"
"2019","Miškingumas","Neringos sav.","proc.","53.7"
"2020","Miškingumas","Neringos sav.","proc.","53.7"
"2021","Miškingumas","Neringos sav.","proc.","53.1"
"2022","Miškingumas","Neringos sav.","proc.","53.1"
"2023","Miškingumas","Neringos sav.","proc.","53.2"
"2024","Miškingumas","Neringos sav.","proc.","53.0"
"2004","Miškingumas","Palangos m. sav.","proc.","39.9"
"2005","Miškingumas","Palangos m. sav.","proc.","40.1"
"2006","Miškingumas","Palangos m. sav.","proc.","39.9"
"2007","Miškingumas","Palangos m. sav.","proc.","39.9"
"2008","Miškingumas","Palangos m. sav.","proc.","39.9"
"2009","Miškingumas","Palangos m. sav.","proc.","39.9"
"2010","Miškingumas","Palangos m. sav.","proc.","40.0"
"2011","Miškingumas","Palangos m. sav.","proc.","40.0"
"2012","Miškingumas","Palangos m. sav.","proc.","40.0"
"2013","Miškingumas","Palangos m. sav.","proc.","40.0"
"2014","Miškingumas","Palangos m. sav.","proc.","40.0"
"2015","Miškingumas","Palangos m. sav.","proc.","39.2"
"2016","Miškingumas","Palangos m. sav.","proc.","39.3"
"2017","Miškingumas","Palangos m. sav.","proc.","39.3"
"2018","Miškingumas","Palangos m. sav.","proc.","39.3"
"2019","Miškingumas","Palangos m. sav.","proc.","39.3"
"2020","Miškingumas","Palangos m. sav.","proc.","39.3"
"2021","Miškingumas","Palangos m. sav.","proc.","39.3"
"2022","Miškingumas","Palangos m. sav.","proc.","39.3"
"2023","Miškingumas","Palangos m. sav.","proc.","39.3"
"2024","Miškingumas","Palangos m. sav.","proc.","39.4"
"2004","Miškingumas","Skuodo r. sav.","proc.","15.4"
"2005","Miškingumas","Skuodo r. sav.","proc.","19.5"
"2006","Miškingumas","Skuodo r. sav.","proc.","19.8"
"2007","Miškingumas","Skuodo r. sav.","proc.","19.8"
"2008","Miškingumas","Skuodo r. sav.","proc.","19.8"
"2009","Miškingumas","Skuodo r. sav.","proc.","19.8"
"2010","Miškingumas","Skuodo r. sav.","proc.","19.8"
"2011","Miškingumas","Skuodo r. sav.","proc.","19.8"
"2012","Miškingumas","Skuodo r. sav.","proc.","19.8"
"2013","Miškingumas","Skuodo r. sav.","proc.","20.0"
"2014","Miškingumas","Skuodo r. sav.","proc.","10.6"
"2015","Miškingumas","Skuodo r. sav.","proc.","10.9"
"2016","Miškingumas","Skuodo r. sav.","proc.","10.9"
"2017","Miškingumas","Skuodo r. sav.","proc.","10.9"
"2018","Miškingumas","Skuodo r. sav.","proc.","10.9"
"2019","Miškingumas","Skuodo r. sav.","proc.","10.9"
"2020","Miškingumas","Skuodo r. sav.","proc.","20.1"
"2021","Miškingumas","Skuodo r. sav.","proc.","20.1"
"2022","Miškingumas","Skuodo r. sav.","proc.","20.1"
"2023","Miškingumas","Skuodo r. sav.","proc.","20.1"
"2024","Miškingumas","Skuodo r. sav.","proc.","20.2"
"2004","Miškingumas","Šilutės r. sav.","proc.","22.1"
"2005","Miškingumas","Šilutės r. sav.","proc.","22.3"
"2006","Miškingumas","Šilutės r. sav.","proc.","22.3"
"2007","Miškingumas","Šilutės r. sav.","proc.","22.3"
"2008","Miškingumas","Šilutės r. sav.","proc.","22.3"
"2009","Miškingumas","Šilutės r. sav.","proc.","22.3"
"2010","Miškingumas","Šilutės r. sav.","proc.","22.3"
"2011","Miškingumas","Šilutės r. sav.","proc.","22.3"
"2012","Miškingumas","Šilutės r. sav.","proc.","22.3"
"2013","Miškingumas","Šilutės r. sav.","proc.","22.4"
"2014","Miškingumas","Šilutės r. sav.","proc.","42.2"
"2015","Miškingumas","Šilutės r. sav.","proc.","42.1"
"2016","Miškingumas","Šilutės r. sav.","proc.","42.1"
"2017","Miškingumas","Šilutės r. sav.","proc.","42.1"
"2018","Miškingumas","Šilutės r. sav.","proc.","42.1"
"2019","Miškingumas","Šilutės r. sav.","proc.","42.1"
"2020","Miškingumas","Šilutės r. sav.","proc.","22.7"
"2021","Miškingumas","Šilutės r. sav.","proc.","22.7"
"2022","Miškingumas","Šilutės r. sav.","proc.","22.7"
"2023","Miškingumas","Šilutės r. sav.","proc.","22.7"
"2024","Miškingumas","Šilutės r. sav.","proc.","22.9"
"2004","Miškingumas","Marijampolės apskritis","proc.","21.6"
"2005","Miškingumas","Marijampolės apskritis","proc.","21.7"
"2006","Miškingumas","Marijampolės apskritis","proc.","21.7"
"2007","Miškingumas","Marijampolės apskritis","proc.","21.7"
"2008","Miškingumas","Marijampolės apskritis","proc.","21.7"
"2009","Miškingumas","Marijampolės apskritis","proc.","21.7"
"2010","Miškingumas","Marijampolės apskritis","proc.","21.7"
"2011","Miškingumas","Marijampolės apskritis","proc.","21.7"
"2012","Miškingumas","Marijampolės apskritis","proc.","21.7"
"2013","Miškingumas","Marijampolės apskritis","proc.","21.9"
"2014","Miškingumas","Marijampolės apskritis","proc.","22.0"
"2015","Miškingumas","Marijampolės apskritis","proc.","22.0"
"2016","Miškingumas","Marijampolės apskritis","proc.","22.0"
"2017","Miškingumas","Marijampolės apskritis","proc.","22.0"
"2018","Miškingumas","Marijampolės apskritis","proc.","22.0"
"2019","Miškingumas","Marijampolės apskritis","proc.","22.0"
"2020","Miškingumas","Marijampolės apskritis","proc.","22.0"
"2021","Miškingumas","Marijampolės apskritis","proc.","22.0"
"2022","Miškingumas","Marijampolės apskritis","proc.","22.0"
"2023","Miškingumas","Marijampolės apskritis","proc.","22.0"
"2024","Miškingumas","Marijampolės apskritis","proc.","22.1"
"2004","Miškingumas","Kalvarijos sav.","proc.","13.0"
"2005","Miškingumas","Kalvarijos sav.","proc.","13.0"
"2006","Miškingumas","Kalvarijos sav.","proc.","13.0"
"2007","Miškingumas","Kalvarijos sav.","proc.","13.0"
"2008","Miškingumas","Kalvarijos sav.","proc.","13.1"
"2009","Miškingumas","Kalvarijos sav.","proc.","13.1"
"2010","Miškingumas","Kalvarijos sav.","proc.","13.1"
"2011","Miškingumas","Kalvarijos sav.","proc.","13.1"
"2012","Miškingumas","Kalvarijos sav.","proc.","13.1"
"2013","Miškingumas","Kalvarijos sav.","proc.","14.2"
"2014","Miškingumas","Kalvarijos sav.","proc.","14.2"
"2015","Miškingumas","Kalvarijos sav.","proc.","14.2"
"2016","Miškingumas","Kalvarijos sav.","proc.","14.2"
"2017","Miškingumas","Kalvarijos sav.","proc.","14.4"
"2018","Miškingumas","Kalvarijos sav.","proc.","14.4"
"2019","Miškingumas","Kalvarijos sav.","proc.","14.4"
"2020","Miškingumas","Kalvarijos sav.","proc.","14.4"
"2021","Miškingumas","Kalvarijos sav.","proc.","14.4"
"2022","Miškingumas","Kalvarijos sav.","proc.","14.4"
"2023","Miškingumas","Kalvarijos sav.","proc.","14.4"
"2024","Miškingumas","Kalvarijos sav.","proc.","14.4"
"2004","Miškingumas","Kazlų Rūdos sav.","proc.","59.2"
"2005","Miškingumas","Kazlų Rūdos sav.","proc.","59.4"
"2006","Miškingumas","Kazlų Rūdos sav.","proc.","59.4"
"2007","Miškingumas","Kazlų Rūdos sav.","proc.","59.4"
"2008","Miškingumas","Kazlų Rūdos sav.","proc.","59.5"
"2009","Miškingumas","Kazlų Rūdos sav.","proc.","59.5"
"2010","Miškingumas","Kazlų Rūdos sav.","proc.","59.5"
"2011","Miškingumas","Kazlų Rūdos sav.","proc.","59.5"
"2012","Miškingumas","Kazlų Rūdos sav.","proc.","59.5"
"2013","Miškingumas","Kazlų Rūdos sav.","proc.","59.2"
"2014","Miškingumas","Kazlų Rūdos sav.","proc.","60.0"
"2015","Miškingumas","Kazlų Rūdos sav.","proc.","60.0"
"2016","Miškingumas","Kazlų Rūdos sav.","proc.","60.0"
"2017","Miškingumas","Kazlų Rūdos sav.","proc.","60.0"
"2018","Miškingumas","Kazlų Rūdos sav.","proc.","60.0"
"2019","Miškingumas","Kazlų Rūdos sav.","proc.","60.0"
"2020","Miškingumas","Kazlų Rūdos sav.","proc.","60.0"
"2021","Miškingumas","Kazlų Rūdos sav.","proc.","60.0"
"2022","Miškingumas","Kazlų Rūdos sav.","proc.","60.0"
"2023","Miškingumas","Kazlų Rūdos sav.","proc.","60.0"
"2024","Miškingumas","Kazlų Rūdos sav.","proc.","60.0"
"2004","Miškingumas","Marijampolės sav.","proc.","15.2"
"2005","Miškingumas","Marijampolės sav.","proc.","15.3"
"2006","Miškingumas","Marijampolės sav.","proc.","15.3"
"2007","Miškingumas","Marijampolės sav.","proc.","15.3"
"2008","Miškingumas","Marijampolės sav.","proc.","15.3"
"2009","Miškingumas","Marijampolės sav.","proc.","15.3"
"2010","Miškingumas","Marijampolės sav.","proc.","15.3"
"2011","Miškingumas","Marijampolės sav.","proc.","15.3"
"2012","Miškingumas","Marijampolės sav.","proc.","15.3"
"2013","Miškingumas","Marijampolės sav.","proc.","15.4"
"2014","Miškingumas","Marijampolės sav.","proc.","15.4"
"2015","Miškingumas","Marijampolės sav.","proc.","15.4"
"2016","Miškingumas","Marijampolės sav.","proc.","15.3"
"2017","Miškingumas","Marijampolės sav.","proc.","15.3"
"2018","Miškingumas","Marijampolės sav.","proc.","15.3"
"2019","Miškingumas","Marijampolės sav.","proc.","15.3"
"2020","Miškingumas","Marijampolės sav.","proc.","15.3"
"2021","Miškingumas","Marijampolės sav.","proc.","15.3"
"2022","Miškingumas","Marijampolės sav.","proc.","15.3"
"2023","Miškingumas","Marijampolės sav.","proc.","15.4"
"2024","Miškingumas","Marijampolės sav.","proc.","15.4"
"2004","Miškingumas","Marijampolės r. sav.","proc.",
"2005","Miškingumas","Marijampolės r. sav.","proc.",
"2006","Miškingumas","Marijampolės r. sav.","proc.",
"2007","Miškingumas","Marijampolės r. sav.","proc.",
"2008","Miškingumas","Marijampolės r. sav.","proc.",
"2009","Miškingumas","Marijampolės r. sav.","proc.",
"2010","Miškingumas","Marijampolės r. sav.","proc.",
"2011","Miškingumas","Marijampolės r. sav.","proc.",
"2012","Miškingumas","Marijampolės r. sav.","proc.",
"2013","Miškingumas","Marijampolės r. sav.","proc.",
"2014","Miškingumas","Marijampolės r. sav.","proc.",
"2015","Miškingumas","Marijampolės r. sav.","proc.",
"2016","Miškingumas","Marijampolės r. sav.","proc.",
"2017","Miškingumas","Marijampolės r. sav.","proc.",
"2018","Miškingumas","Marijampolės r. sav.","proc.",
"2019","Miškingumas","Marijampolės r. sav.","proc.",
"2020","Miškingumas","Marijampolės r. sav.","proc.",
"2021","Miškingumas","Marijampolės r. sav.","proc.",
"2022","Miškingumas","Marijampolės r. sav.","proc.",
"2023","Miškingumas","Marijampolės r. sav.","proc.","0.0"
"2024","Miškingumas","Marijampolės r. sav.","proc.",
"2004","Miškingumas","Šakių r. sav.","proc.","22.8"
"2005","Miškingumas","Šakių r. sav.","proc.","22.9"
"2006","Miškingumas","Šakių r. sav.","proc.","22.9"
"2007","Miškingumas","Šakių r. sav.","proc.","22.9"
"2008","Miškingumas","Šakių r. sav.","proc.","22.9"
"2009","Miškingumas","Šakių r. sav.","proc.","22.9"
"2010","Miškingumas","Šakių r. sav.","proc.","22.9"
"2011","Miškingumas","Šakių r. sav.","proc.","22.9"
"2012","Miškingumas","Šakių r. sav.","proc.","22.9"
"2013","Miškingumas","Šakių r. sav.","proc.","22.9"
"2014","Miškingumas","Šakių r. sav.","proc.","23.0"
"2015","Miškingumas","Šakių r. sav.","proc.","23.0"
"2016","Miškingumas","Šakių r. sav.","proc.","23.0"
"2017","Miškingumas","Šakių r. sav.","proc.","23.0"
"2018","Miškingumas","Šakių r. sav.","proc.","23.0"
"2019","Miškingumas","Šakių r. sav.","proc.","23.0"
"2020","Miškingumas","Šakių r. sav.","proc.","23.0"
"2021","Miškingumas","Šakių r. sav.","proc.","23.0"
"2022","Miškingumas","Šakių r. sav.","proc.","23.0"
"2023","Miškingumas","Šakių r. sav.","proc.","23.1"
"2024","Miškingumas","Šakių r. sav.","proc.","23.1"
"2004","Miškingumas","Vilkaviškio r. sav.","proc.","10.5"
"2005","Miškingumas","Vilkaviškio r. sav.","proc.","10.6"
"2006","Miškingumas","Vilkaviškio r. sav.","proc.","10.6"
"2007","Miškingumas","Vilkaviškio r. sav.","proc.","10.6"
"2008","Miškingumas","Vilkaviškio r. sav.","proc.","10.6"
"2009","Miškingumas","Vilkaviškio r. sav.","proc.","10.6"
"2010","Miškingumas","Vilkaviškio r. sav.","proc.","10.6"
"2011","Miškingumas","Vilkaviškio r. sav.","proc.","10.6"
"2012","Miškingumas","Vilkaviškio r. sav.","proc.","10.6"
"2013","Miškingumas","Vilkaviškio r. sav.","proc.","11.0"
"2014","Miškingumas","Vilkaviškio r. sav.","proc.","11.0"
"2015","Miškingumas","Vilkaviškio r. sav.","proc.","11.0"
"2016","Miškingumas","Vilkaviškio r. sav.","proc.","10.9"
"2017","Miškingumas","Vilkaviškio r. sav.","proc.","10.9"
"2018","Miškingumas","Vilkaviškio r. sav.","proc.","10.9"
"2019","Miškingumas","Vilkaviškio r. sav.","proc.","10.9"
"2020","Miškingumas","Vilkaviškio r. sav.","proc.","10.9"
"2021","Miškingumas","Vilkaviškio r. sav.","proc.","10.9"
"2022","Miškingumas","Vilkaviškio r. sav.","proc.","10.9"
"2023","Miškingumas","Vilkaviškio r. sav.","proc.","11.0"
"2024","Miškingumas","Vilkaviškio r. sav.","proc.","11.0"
"2004","Miškingumas","Panevėžio apskritis","proc.","27.2"
"2005","Miškingumas","Panevėžio apskritis","proc.","27.3"
"2006","Miškingumas","Panevėžio apskritis","proc.","27.4"
"2007","Miškingumas","Panevėžio apskritis","proc.","28.1"
"2008","Miškingumas","Panevėžio apskritis","proc.","28.2"
"2009","Miškingumas","Panevėžio apskritis","proc.","28.2"
"2010","Miškingumas","Panevėžio apskritis","proc.","28.2"
"2011","Miškingumas","Panevėžio apskritis","proc.","28.2"
"2012","Miškingumas","Panevėžio apskritis","proc.","28.2"
"2013","Miškingumas","Panevėžio apskritis","proc.","28.2"
"2014","Miškingumas","Panevėžio apskritis","proc.","28.2"
"2015","Miškingumas","Panevėžio apskritis","proc.","28.3"
"2016","Miškingumas","Panevėžio apskritis","proc.","28.3"
"2017","Miškingumas","Panevėžio apskritis","proc.","28.6"
"2018","Miškingumas","Panevėžio apskritis","proc.","28.7"
"2019","Miškingumas","Panevėžio apskritis","proc.","28.7"
"2020","Miškingumas","Panevėžio apskritis","proc.","28.8"
"2021","Miškingumas","Panevėžio apskritis","proc.","28.8"
"2022","Miškingumas","Panevėžio apskritis","proc.","28.3"
"2023","Miškingumas","Panevėžio apskritis","proc.","28.3"
"2024","Miškingumas","Panevėžio apskritis","proc.","28.9"
"2004","Miškingumas","Biržų r. sav.","proc.","26.3"
"2005","Miškingumas","Biržų r. sav.","proc.","26.3"
"2006","Miškingumas","Biržų r. sav.","proc.","26.3"
"2007","Miškingumas","Biržų r. sav.","proc.","27.6"
"2008","Miškingumas","Biržų r. sav.","proc.","27.2"
"2009","Miškingumas","Biržų r. sav.","proc.","27.2"
"2010","Miškingumas","Biržų r. sav.","proc.","27.2"
"2011","Miškingumas","Biržų r. sav.","proc.","27.1"
"2012","Miškingumas","Biržų r. sav.","proc.","27.1"
"2013","Miškingumas","Biržų r. sav.","proc.","27.1"
"2014","Miškingumas","Biržų r. sav.","proc.","27.2"
"2015","Miškingumas","Biržų r. sav.","proc.","27.2"
"2016","Miškingumas","Biržų r. sav.","proc.","27.2"
"2017","Miškingumas","Biržų r. sav.","proc.","27.9"
"2018","Miškingumas","Biržų r. sav.","proc.","27.7"
"2019","Miškingumas","Biržų r. sav.","proc.","27.7"
"2020","Miškingumas","Biržų r. sav.","proc.","27.7"
"2021","Miškingumas","Biržų r. sav.","proc.","27.7"
"2022","Miškingumas","Biržų r. sav.","proc.","27.8"
"2023","Miškingumas","Biržų r. sav.","proc.","27.8"
"2024","Miškingumas","Biržų r. sav.","proc.","27.9"
"2004","Miškingumas","Kupiškio r. sav.","proc.","27.9"
"2005","Miškingumas","Kupiškio r. sav.","proc.","28.1"
"2006","Miškingumas","Kupiškio r. sav.","proc.","28.1"
"2007","Miškingumas","Kupiškio r. sav.","proc.","29.6"
"2008","Miškingumas","Kupiškio r. sav.","proc.","29.3"
"2009","Miškingumas","Kupiškio r. sav.","proc.","29.3"
"2010","Miškingumas","Kupiškio r. sav.","proc.","29.3"
"2011","Miškingumas","Kupiškio r. sav.","proc.","29.3"
"2012","Miškingumas","Kupiškio r. sav.","proc.","29.3"
"2013","Miškingumas","Kupiškio r. sav.","proc.","29.4"
"2014","Miškingumas","Kupiškio r. sav.","proc.","29.4"
"2015","Miškingumas","Kupiškio r. sav.","proc.","29.5"
"2016","Miškingumas","Kupiškio r. sav.","proc.","29.5"
"2017","Miškingumas","Kupiškio r. sav.","proc.","29.9"
"2018","Miškingumas","Kupiškio r. sav.","proc.","30.0"
"2019","Miškingumas","Kupiškio r. sav.","proc.","30.0"
"2020","Miškingumas","Kupiškio r. sav.","proc.","30.0"
"2021","Miškingumas","Kupiškio r. sav.","proc.","30.0"
"2022","Miškingumas","Kupiškio r. sav.","proc.","30.0"
"2023","Miškingumas","Kupiškio r. sav.","proc.","30.1"
"2024","Miškingumas","Kupiškio r. sav.","proc.","30.1"
"2004","Miškingumas","Panevėžio m. sav.","proc.","0.6"
"2005","Miškingumas","Panevėžio m. sav.","proc.","0.6"
"2006","Miškingumas","Panevėžio m. sav.","proc.","0.6"
"2007","Miškingumas","Panevėžio m. sav.","proc.","2.7"
"2008","Miškingumas","Panevėžio m. sav.","proc.","2.2"
"2009","Miškingumas","Panevėžio m. sav.","proc.","2.2"
"2010","Miškingumas","Panevėžio m. sav.","proc.","2.2"
"2011","Miškingumas","Panevėžio m. sav.","proc.","2.2"
"2012","Miškingumas","Panevėžio m. sav.","proc.","2.2"
"2013","Miškingumas","Panevėžio m. sav.","proc.","2.2"
"2014","Miškingumas","Panevėžio m. sav.","proc.","2.1"
"2015","Miškingumas","Panevėžio m. sav.","proc.","2.1"
"2016","Miškingumas","Panevėžio m. sav.","proc.","2.1"
"2017","Miškingumas","Panevėžio m. sav.","proc.","1.6"
"2018","Miškingumas","Panevėžio m. sav.","proc.","1.6"
"2019","Miškingumas","Panevėžio m. sav.","proc.","1.6"
"2020","Miškingumas","Panevėžio m. sav.","proc.","1.6"
"2021","Miškingumas","Panevėžio m. sav.","proc.","1.6"
"2022","Miškingumas","Panevėžio m. sav.","proc.","1.5"
"2023","Miškingumas","Panevėžio m. sav.","proc.","1.5"
"2024","Miškingumas","Panevėžio m. sav.","proc.","1.5"
"2004","Miškingumas","Panevėžio r. sav.","proc.","33.9"
"2005","Miškingumas","Panevėžio r. sav.","proc.","34.1"
"2006","Miškingumas","Panevėžio r. sav.","proc.","34.1"
"2007","Miškingumas","Panevėžio r. sav.","proc.","35.1"
"2008","Miškingumas","Panevėžio r. sav.","proc.","34.8"
"2009","Miškingumas","Panevėžio r. sav.","proc.","34.8"
"2010","Miškingumas","Panevėžio r. sav.","proc.","34.8"
"2011","Miškingumas","Panevėžio r. sav.","proc.","34.8"
"2012","Miškingumas","Panevėžio r. sav.","proc.","34.8"
"2013","Miškingumas","Panevėžio r. sav.","proc.","34.8"
"2014","Miškingumas","Panevėžio r. sav.","proc.","34.9"
"2015","Miškingumas","Panevėžio r. sav.","proc.","34.9"
"2016","Miškingumas","Panevėžio r. sav.","proc.","34.9"
"2017","Miškingumas","Panevėžio r. sav.","proc.","35.3"
"2018","Miškingumas","Panevėžio r. sav.","proc.","35.4"
"2019","Miškingumas","Panevėžio r. sav.","proc.","35.4"
"2020","Miškingumas","Panevėžio r. sav.","proc.","35.4"
"2021","Miškingumas","Panevėžio r. sav.","proc.","35.3"
"2022","Miškingumas","Panevėžio r. sav.","proc.","35.3"
"2023","Miškingumas","Panevėžio r. sav.","proc.","35.4"
"2024","Miškingumas","Panevėžio r. sav.","proc.","35.4"
"2004","Miškingumas","Pasvalio r. sav.","proc.","16.5"
"2005","Miškingumas","Pasvalio r. sav.","proc.","16.6"
"2006","Miškingumas","Pasvalio r. sav.","proc.","16.6"
"2007","Miškingumas","Pasvalio r. sav.","proc.","17.1"
"2008","Miškingumas","Pasvalio r. sav.","proc.","17.0"
"2009","Miškingumas","Pasvalio r. sav.","proc.","17.0"
"2010","Miškingumas","Pasvalio r. sav.","proc.","17.0"
"2011","Miškingumas","Pasvalio r. sav.","proc.","17.0"
"2012","Miškingumas","Pasvalio r. sav.","proc.","17.0"
"2013","Miškingumas","Pasvalio r. sav.","proc.","17.0"
"2014","Miškingumas","Pasvalio r. sav.","proc.","17.0"
"2015","Miškingumas","Pasvalio r. sav.","proc.","17.0"
"2016","Miškingumas","Pasvalio r. sav.","proc.","17.0"
"2017","Miškingumas","Pasvalio r. sav.","proc.","16.8"
"2018","Miškingumas","Pasvalio r. sav.","proc.","17.2"
"2019","Miškingumas","Pasvalio r. sav.","proc.","17.2"
"2020","Miškingumas","Pasvalio r. sav.","proc.","17.2"
"2021","Miškingumas","Pasvalio r. sav.","proc.","17.2"
"2022","Miškingumas","Pasvalio r. sav.","proc.","17.2"
"2023","Miškingumas","Pasvalio r. sav.","proc.","17.2"
"2024","Miškingumas","Pasvalio r. sav.","proc.","17.2"
"2004","Miškingumas","Rokiškio r. sav.","proc.","27.9"
"2005","Miškingumas","Rokiškio r. sav.","proc.","28.0"
"2006","Miškingumas","Rokiškio r. sav.","proc.","28.0"
"2007","Miškingumas","Rokiškio r. sav.","proc.","28.0"
"2008","Miškingumas","Rokiškio r. sav.","proc.","29.0"
"2009","Miškingumas","Rokiškio r. sav.","proc.","29.0"
"2010","Miškingumas","Rokiškio r. sav.","proc.","29.0"
"2011","Miškingumas","Rokiškio r. sav.","proc.","29.0"
"2012","Miškingumas","Rokiškio r. sav.","proc.","29.0"
"2013","Miškingumas","Rokiškio r. sav.","proc.","29.1"
"2014","Miškingumas","Rokiškio r. sav.","proc.","29.2"
"2015","Miškingumas","Rokiškio r. sav.","proc.","29.3"
"2016","Miškingumas","Rokiškio r. sav.","proc.","29.3"
"2017","Miškingumas","Rokiškio r. sav.","proc.","29.6"
"2018","Miškingumas","Rokiškio r. sav.","proc.","29.8"
"2019","Miškingumas","Rokiškio r. sav.","proc.","29.8"
"2020","Miškingumas","Rokiškio r. sav.","proc.","29.9"
"2021","Miškingumas","Rokiškio r. sav.","proc.","29.9"
"2022","Miškingumas","Rokiškio r. sav.","proc.","30.0"
"2023","Miškingumas","Rokiškio r. sav.","proc.","30.1"
"2024","Miškingumas","Rokiškio r. sav.","proc.","30.2"
"2004","Miškingumas","Šiaulių apskritis","proc.","25.8"
"2005","Miškingumas","Šiaulių apskritis","proc.","25.9"
"2006","Miškingumas","Šiaulių apskritis","proc.","27.3"
"2007","Miškingumas","Šiaulių apskritis","proc.","27.3"
"2008","Miškingumas","Šiaulių apskritis","proc.","27.3"
"2009","Miškingumas","Šiaulių apskritis","proc.","27.3"
"2010","Miškingumas","Šiaulių apskritis","proc.","27.5"
"2011","Miškingumas","Šiaulių apskritis","proc.","27.5"
"2012","Miškingumas","Šiaulių apskritis","proc.","27.5"
"2013","Miškingumas","Šiaulių apskritis","proc.","27.6"
"2014","Miškingumas","Šiaulių apskritis","proc.","27.6"
"2015","Miškingumas","Šiaulių apskritis","proc.","27.7"
"2016","Miškingumas","Šiaulių apskritis","proc.","28.0"
"2017","Miškingumas","Šiaulių apskritis","proc.","28.1"
"2018","Miškingumas","Šiaulių apskritis","proc.","28.1"
"2019","Miškingumas","Šiaulių apskritis","proc.","28.1"
"2020","Miškingumas","Šiaulių apskritis","proc.","28.1"
"2021","Miškingumas","Šiaulių apskritis","proc.","28.1"
"2022","Miškingumas","Šiaulių apskritis","proc.","28.0"
"2023","Miškingumas","Šiaulių apskritis","proc.","28.1"
"2024","Miškingumas","Šiaulių apskritis","proc.","28.2"
"2004","Miškingumas","Akmenės r. sav.","proc.","32.1"
"2005","Miškingumas","Akmenės r. sav.","proc.","32.3"
"2006","Miškingumas","Akmenės r. sav.","proc.","32.5"
"2007","Miškingumas","Akmenės r. sav.","proc.","32.4"
"2008","Miškingumas","Akmenės r. sav.","proc.","32.4"
"2009","Miškingumas","Akmenės r. sav.","proc.","32.4"
"2010","Miškingumas","Akmenės r. sav.","proc.","32.4"
"2011","Miškingumas","Akmenės r. sav.","proc.","32.4"
"2012","Miškingumas","Akmenės r. sav.","proc.","32.4"
"2013","Miškingumas","Akmenės r. sav.","proc.","32.4"
"2014","Miškingumas","Akmenės r. sav.","proc.","32.4"
"2015","Miškingumas","Akmenės r. sav.","proc.","32.4"
"2016","Miškingumas","Akmenės r. sav.","proc.","32.7"
"2017","Miškingumas","Akmenės r. sav.","proc.","32.9"
"2018","Miškingumas","Akmenės r. sav.","proc.","32.7"
"2019","Miškingumas","Akmenės r. sav.","proc.","32.7"
"2020","Miškingumas","Akmenės r. sav.","proc.","32.8"
"2021","Miškingumas","Akmenės r. sav.","proc.","32.6"
"2022","Miškingumas","Akmenės r. sav.","proc.","32.6"
"2023","Miškingumas","Akmenės r. sav.","proc.","32.7"
"2024","Miškingumas","Akmenės r. sav.","proc.","32.7"
"2004","Miškingumas","Joniškio r. sav.","proc.","18.4"
"2005","Miškingumas","Joniškio r. sav.","proc.","18.5"
"2006","Miškingumas","Joniškio r. sav.","proc.","20.2"
"2007","Miškingumas","Joniškio r. sav.","proc.","20.0"
"2008","Miškingumas","Joniškio r. sav.","proc.","20.0"
"2009","Miškingumas","Joniškio r. sav.","proc.","20.0"
"2010","Miškingumas","Joniškio r. sav.","proc.","20.0"
"2011","Miškingumas","Joniškio r. sav.","proc.","20.1"
"2012","Miškingumas","Joniškio r. sav.","proc.","20.2"
"2013","Miškingumas","Joniškio r. sav.","proc.","20.2"
"2014","Miškingumas","Joniškio r. sav.","proc.","20.2"
"2015","Miškingumas","Joniškio r. sav.","proc.","20.2"
"2016","Miškingumas","Joniškio r. sav.","proc.","20.0"
"2017","Miškingumas","Joniškio r. sav.","proc.","20.0"
"2018","Miškingumas","Joniškio r. sav.","proc.","20.0"
"2019","Miškingumas","Joniškio r. sav.","proc.","20.0"
"2020","Miškingumas","Joniškio r. sav.","proc.","20.0"
"2021","Miškingumas","Joniškio r. sav.","proc.","20.0"
"2022","Miškingumas","Joniškio r. sav.","proc.","20.0"
"2023","Miškingumas","Joniškio r. sav.","proc.","20.0"
"2024","Miškingumas","Joniškio r. sav.","proc.","20.0"
"2004","Miškingumas","Kelmės r. sav.","proc.","26.2"
"2005","Miškingumas","Kelmės r. sav.","proc.","26.2"
"2006","Miškingumas","Kelmės r. sav.","proc.","30.2"
"2007","Miškingumas","Kelmės r. sav.","proc.","30.2"
"2008","Miškingumas","Kelmės r. sav.","proc.","30.2"
"2009","Miškingumas","Kelmės r. sav.","proc.","30.2"
"2010","Miškingumas","Kelmės r. sav.","proc.","31.1"
"2011","Miškingumas","Kelmės r. sav.","proc.","31.1"
"2012","Miškingumas","Kelmės r. sav.","proc.","31.1"
"2013","Miškingumas","Kelmės r. sav.","proc.","31.3"
"2014","Miškingumas","Kelmės r. sav.","proc.","31.4"
"2015","Miškingumas","Kelmės r. sav.","proc.","31.8"
"2016","Miškingumas","Kelmės r. sav.","proc.","32.7"
"2017","Miškingumas","Kelmės r. sav.","proc.","32.6"
"2018","Miškingumas","Kelmės r. sav.","proc.","32.7"
"2019","Miškingumas","Kelmės r. sav.","proc.","32.7"
"2020","Miškingumas","Kelmės r. sav.","proc.","32.7"
"2021","Miškingumas","Kelmės r. sav.","proc.","32.7"
"2022","Miškingumas","Kelmės r. sav.","proc.","32.7"
"2023","Miškingumas","Kelmės r. sav.","proc.","32.8"
"2024","Miškingumas","Kelmės r. sav.","proc.","32.8"
"2004","Miškingumas","Pakruojo r. sav.","proc.","19.4"
"2005","Miškingumas","Pakruojo r. sav.","proc.","19.6"
"2006","Miškingumas","Pakruojo r. sav.","proc.","19.5"
"2007","Miškingumas","Pakruojo r. sav.","proc.","20.4"
"2008","Miškingumas","Pakruojo r. sav.","proc.","19.9"
"2009","Miškingumas","Pakruojo r. sav.","proc.","19.9"
"2010","Miškingumas","Pakruojo r. sav.","proc.","19.9"
"2011","Miškingumas","Pakruojo r. sav.","proc.","19.9"
"2012","Miškingumas","Pakruojo r. sav.","proc.","19.9"
"2013","Miškingumas","Pakruojo r. sav.","proc.","19.9"
"2014","Miškingumas","Pakruojo r. sav.","proc.","19.8"
"2015","Miškingumas","Pakruojo r. sav.","proc.","19.8"
"2016","Miškingumas","Pakruojo r. sav.","proc.","19.8"
"2017","Miškingumas","Pakruojo r. sav.","proc.","20.0"
"2018","Miškingumas","Pakruojo r. sav.","proc.","20.1"
"2019","Miškingumas","Pakruojo r. sav.","proc.","20.1"
"2020","Miškingumas","Pakruojo r. sav.","proc.","20.1"
"2021","Miškingumas","Pakruojo r. sav.","proc.","20.1"
"2022","Miškingumas","Pakruojo r. sav.","proc.","20.0"
"2023","Miškingumas","Pakruojo r. sav.","proc.","20.1"
"2024","Miškingumas","Pakruojo r. sav.","proc.","20.1"
"2004","Miškingumas","Radviliškio r. sav.","proc.","25.7"
"2005","Miškingumas","Radviliškio r. sav.","proc.","25.7"
"2006","Miškingumas","Radviliškio r. sav.","proc.","25.3"
"2007","Miškingumas","Radviliškio r. sav.","proc.","25.3"
"2008","Miškingumas","Radviliškio r. sav.","proc.","25.4"
"2009","Miškingumas","Radviliškio r. sav.","proc.","25.4"
"2010","Miškingumas","Radviliškio r. sav.","proc.","25.4"
"2011","Miškingumas","Radviliškio r. sav.","proc.","25.4"
"2012","Miškingumas","Radviliškio r. sav.","proc.","25.6"
"2013","Miškingumas","Radviliškio r. sav.","proc.","25.7"
"2014","Miškingumas","Radviliškio r. sav.","proc.","25.7"
"2015","Miškingumas","Radviliškio r. sav.","proc.","25.9"
"2016","Miškingumas","Radviliškio r. sav.","proc.","25.9"
"2017","Miškingumas","Radviliškio r. sav.","proc.","26.0"
"2018","Miškingumas","Radviliškio r. sav.","proc.","26.0"
"2019","Miškingumas","Radviliškio r. sav.","proc.","26.0"
"2020","Miškingumas","Radviliškio r. sav.","proc.","26.0"
"2021","Miškingumas","Radviliškio r. sav.","proc.","26.0"
"2022","Miškingumas","Radviliškio r. sav.","proc.","26.0"
"2023","Miškingumas","Radviliškio r. sav.","proc.","26.0"
"2024","Miškingumas","Radviliškio r. sav.","proc.","26.5"
"2004","Miškingumas","Šiaulių m. sav.","proc.","15.0"
"2005","Miškingumas","Šiaulių m. sav.","proc.","15.0"
"2006","Miškingumas","Šiaulių m. sav.","proc.","8.6"
"2007","Miškingumas","Šiaulių m. sav.","proc.","8.6"
"2008","Miškingumas","Šiaulių m. sav.","proc.","8.3"
"2009","Miškingumas","Šiaulių m. sav.","proc.","5.6"
"2010","Miškingumas","Šiaulių m. sav.","proc.","5.6"
"2011","Miškingumas","Šiaulių m. sav.","proc.","5.6"
"2012","Miškingumas","Šiaulių m. sav.","proc.","5.6"
"2013","Miškingumas","Šiaulių m. sav.","proc.","5.6"
"2014","Miškingumas","Šiaulių m. sav.","proc.","5.6"
"2015","Miškingumas","Šiaulių m. sav.","proc.","5.6"
"2016","Miškingumas","Šiaulių m. sav.","proc.","6.0"
"2017","Miškingumas","Šiaulių m. sav.","proc.","6.0"
"2018","Miškingumas","Šiaulių m. sav.","proc.","6.0"
"2019","Miškingumas","Šiaulių m. sav.","proc.","6.0"
"2020","Miškingumas","Šiaulių m. sav.","proc.","6.0"
"2021","Miškingumas","Šiaulių m. sav.","proc.","6.0"
"2022","Miškingumas","Šiaulių m. sav.","proc.","6.0"
"2023","Miškingumas","Šiaulių m. sav.","proc.","6.1"
"2024","Miškingumas","Šiaulių m. sav.","proc.","6.0"
"2004","Miškingumas","Šiaulių r. sav.","proc.","32.6"
"2005","Miškingumas","Šiaulių r. sav.","proc.","32.7"
"2006","Miškingumas","Šiaulių r. sav.","proc.","34.7"
"2007","Miškingumas","Šiaulių r. sav.","proc.","34.7"
"2008","Miškingumas","Šiaulių r. sav.","proc.","34.7"
"2009","Miškingumas","Šiaulių r. sav.","proc.","34.7"
"2010","Miškingumas","Šiaulių r. sav.","proc.","34.8"
"2011","Miškingumas","Šiaulių r. sav.","proc.","34.8"
"2012","Miškingumas","Šiaulių r. sav.","proc.","34.8"
"2013","Miškingumas","Šiaulių r. sav.","proc.","34.9"
"2014","Miškingumas","Šiaulių r. sav.","proc.","34.9"
"2015","Miškingumas","Šiaulių r. sav.","proc.","34.9"
"2016","Miškingumas","Šiaulių r. sav.","proc.","35.4"
"2017","Miškingumas","Šiaulių r. sav.","proc.","35.3"
"2018","Miškingumas","Šiaulių r. sav.","proc.","35.3"
"2019","Miškingumas","Šiaulių r. sav.","proc.","35.3"
"2020","Miškingumas","Šiaulių r. sav.","proc.","35.3"
"2021","Miškingumas","Šiaulių r. sav.","proc.","35.3"
"2022","Miškingumas","Šiaulių r. sav.","proc.","35.3"
"2023","Miškingumas","Šiaulių r. sav.","proc.","35.4"
"2024","Miškingumas","Šiaulių r. sav.","proc.","35.4"
"2004","Miškingumas","Tauragės apskritis","proc.","31.7"
"2005","Miškingumas","Tauragės apskritis","proc.","33.0"
"2006","Miškingumas","Tauragės apskritis","proc.","33.0"
"2007","Miškingumas","Tauragės apskritis","proc.","33.0"
"2008","Miškingumas","Tauragės apskritis","proc.","33.0"
"2009","Miškingumas","Tauragės apskritis","proc.","33.0"
"2010","Miškingumas","Tauragės apskritis","proc.","33.0"
"2011","Miškingumas","Tauragės apskritis","proc.","33.0"
"2012","Miškingumas","Tauragės apskritis","proc.","33.0"
"2013","Miškingumas","Tauragės apskritis","proc.","33.0"
"2014","Miškingumas","Tauragės apskritis","proc.","33.1"
"2015","Miškingumas","Tauragės apskritis","proc.","33.2"
"2016","Miškingumas","Tauragės apskritis","proc.","33.2"
"2017","Miškingumas","Tauragės apskritis","proc.","33.2"
"2018","Miškingumas","Tauragės apskritis","proc.","33.2"
"2019","Miškingumas","Tauragės apskritis","proc.","33.2"
"2020","Miškingumas","Tauragės apskritis","proc.","33.2"
"2021","Miškingumas","Tauragės apskritis","proc.","33.2"
"2022","Miškingumas","Tauragės apskritis","proc.","33.2"
"2023","Miškingumas","Tauragės apskritis","proc.","33.2"
"2024","Miškingumas","Tauragės apskritis","proc.","33.3"
"2004","Miškingumas","Jurbarko r. sav.","proc.","38.0"
"2005","Miškingumas","Jurbarko r. sav.","proc.","38.2"
"2006","Miškingumas","Jurbarko r. sav.","proc.","38.2"
"2007","Miškingumas","Jurbarko r. sav.","proc.","38.2"
"2008","Miškingumas","Jurbarko r. sav.","proc.","38.1"
"2009","Miškingumas","Jurbarko r. sav.","proc.","38.1"
"2010","Miškingumas","Jurbarko r. sav.","proc.","38.1"
"2011","Miškingumas","Jurbarko r. sav.","proc.","38.1"
"2012","Miškingumas","Jurbarko r. sav.","proc.","38.1"
"2013","Miškingumas","Jurbarko r. sav.","proc.","38.1"
"2014","Miškingumas","Jurbarko r. sav.","proc.","38.0"
"2015","Miškingumas","Jurbarko r. sav.","proc.","38.1"
"2016","Miškingumas","Jurbarko r. sav.","proc.","38.1"
"2017","Miškingumas","Jurbarko r. sav.","proc.","38.1"
"2018","Miškingumas","Jurbarko r. sav.","proc.","38.1"
"2019","Miškingumas","Jurbarko r. sav.","proc.","38.1"
"2020","Miškingumas","Jurbarko r. sav.","proc.","38.1"
"2021","Miškingumas","Jurbarko r. sav.","proc.","38.1"
"2022","Miškingumas","Jurbarko r. sav.","proc.","38.1"
"2023","Miškingumas","Jurbarko r. sav.","proc.","38.2"
"2024","Miškingumas","Jurbarko r. sav.","proc.","38.3"
"2004","Miškingumas","Pagėgių sav.","proc.","16.5"
"2005","Miškingumas","Pagėgių sav.","proc.","16.7"
"2006","Miškingumas","Pagėgių sav.","proc.","16.7"
"2007","Miškingumas","Pagėgių sav.","proc.","16.7"
"2008","Miškingumas","Pagėgių sav.","proc.","16.7"
"2009","Miškingumas","Pagėgių sav.","proc.","16.7"
"2010","Miškingumas","Pagėgių sav.","proc.","17.0"
"2011","Miškingumas","Pagėgių sav.","proc.","17.0"
"2012","Miškingumas","Pagėgių sav.","proc.","17.0"
"2013","Miškingumas","Pagėgių sav.","proc.","17.0"
"2014","Miškingumas","Pagėgių sav.","proc.","17.4"
"2015","Miškingumas","Pagėgių sav.","proc.","17.4"
"2016","Miškingumas","Pagėgių sav.","proc.","17.4"
"2017","Miškingumas","Pagėgių sav.","proc.","17.4"
"2018","Miškingumas","Pagėgių sav.","proc.","17.5"
"2019","Miškingumas","Pagėgių sav.","proc.","17.4"
"2020","Miškingumas","Pagėgių sav.","proc.","17.5"
"2021","Miškingumas","Pagėgių sav.","proc.","17.5"
"2022","Miškingumas","Pagėgių sav.","proc.","17.5"
"2023","Miškingumas","Pagėgių sav.","proc.","17.6"
"2024","Miškingumas","Pagėgių sav.","proc.","17.6"
"2004","Miškingumas","Šilalės r. sav.","proc.","24.0"
"2005","Miškingumas","Šilalės r. sav.","proc.","28.5"
"2006","Miškingumas","Šilalės r. sav.","proc.","28.4"
"2007","Miškingumas","Šilalės r. sav.","proc.","28.4"
"2008","Miškingumas","Šilalės r. sav.","proc.","28.4"
"2009","Miškingumas","Šilalės r. sav.","proc.","28.4"
"2010","Miškingumas","Šilalės r. sav.","proc.","28.4"
"2011","Miškingumas","Šilalės r. sav.","proc.","28.4"
"2012","Miškingumas","Šilalės r. sav.","proc.","28.4"
"2013","Miškingumas","Šilalės r. sav.","proc.","28.4"
"2014","Miškingumas","Šilalės r. sav.","proc.","28.5"
"2015","Miškingumas","Šilalės r. sav.","proc.","28.7"
"2016","Miškingumas","Šilalės r. sav.","proc.","28.7"
"2017","Miškingumas","Šilalės r. sav.","proc.","28.7"
"2018","Miškingumas","Šilalės r. sav.","proc.","28.7"
"2019","Miškingumas","Šilalės r. sav.","proc.","28.7"
"2020","Miškingumas","Šilalės r. sav.","proc.","28.7"
"2021","Miškingumas","Šilalės r. sav.","proc.","28.7"
"2022","Miškingumas","Šilalės r. sav.","proc.","28.7"
"2023","Miškingumas","Šilalės r. sav.","proc.","28.7"
"2024","Miškingumas","Šilalės r. sav.","proc.","28.9"
"2004","Miškingumas","Tauragės r. sav.","proc.","38.5"
"2005","Miškingumas","Tauragės r. sav.","proc.","38.4"
"2006","Miškingumas","Tauragės r. sav.","proc.","38.4"
"2007","Miškingumas","Tauragės r. sav.","proc.","38.4"
"2008","Miškingumas","Tauragės r. sav.","proc.","38.4"
"2009","Miškingumas","Tauragės r. sav.","proc.","38.4"
"2010","Miškingumas","Tauragės r. sav.","proc.","38.4"
"2011","Miškingumas","Tauragės r. sav.","proc.","38.4"
"2012","Miškingumas","Tauragės r. sav.","proc.","38.4"
"2013","Miškingumas","Tauragės r. sav.","proc.","38.4"
"2014","Miškingumas","Tauragės r. sav.","proc.","38.7"
"2015","Miškingumas","Tauragės r. sav.","proc.","38.7"
"2016","Miškingumas","Tauragės r. sav.","proc.","38.7"
"2017","Miškingumas","Tauragės r. sav.","proc.","38.7"
"2018","Miškingumas","Tauragės r. sav.","proc.","38.7"
"2019","Miškingumas","Tauragės r. sav.","proc.","38.7"
"2020","Miškingumas","Tauragės r. sav.","proc.","38.6"
"2021","Miškingumas","Tauragės r. sav.","proc.","38.4"
"2022","Miškingumas","Tauragės r. sav.","proc.","38.4"
"2023","Miškingumas","Tauragės r. sav.","proc.","38.4"
"2024","Miškingumas","Tauragės r. sav.","proc.","38.6"
"2004","Miškingumas","Telšių apskritis","proc.","32.9"
"2005","Miškingumas","Telšių apskritis","proc.","35.6"
"2006","Miškingumas","Telšių apskritis","proc.","36.1"
"2007","Miškingumas","Telšių apskritis","proc.","36.1"
"2008","Miškingumas","Telšių apskritis","proc.","36.1"
"2009","Miškingumas","Telšių apskritis","proc.","36.1"
"2010","Miškingumas","Telšių apskritis","proc.","36.1"
"2011","Miškingumas","Telšių apskritis","proc.","36.1"
"2012","Miškingumas","Telšių apskritis","proc.","36.1"
"2013","Miškingumas","Telšių apskritis","proc.","36.3"
"2014","Miškingumas","Telšių apskritis","proc.","36.3"
"2015","Miškingumas","Telšių apskritis","proc.","36.6"
"2016","Miškingumas","Telšių apskritis","proc.","36.6"
"2017","Miškingumas","Telšių apskritis","proc.","36.6"
"2018","Miškingumas","Telšių apskritis","proc.","36.7"
"2019","Miškingumas","Telšių apskritis","proc.","36.7"
"2020","Miškingumas","Telšių apskritis","proc.","36.7"
"2021","Miškingumas","Telšių apskritis","proc.","36.7"
"2022","Miškingumas","Telšių apskritis","proc.","36.6"
"2023","Miškingumas","Telšių apskritis","proc.","36.7"
"2024","Miškingumas","Telšių apskritis","proc.","36.8"
"2004","Miškingumas","Mažeikių r. sav.","proc.","29.3"
"2005","Miškingumas","Mažeikių r. sav.","proc.","29.5"
"2006","Miškingumas","Mažeikių r. sav.","proc.","29.4"
"2007","Miškingumas","Mažeikių r. sav.","proc.","29.5"
"2008","Miškingumas","Mažeikių r. sav.","proc.","29.5"
"2009","Miškingumas","Mažeikių r. sav.","proc.","29.5"
"2010","Miškingumas","Mažeikių r. sav.","proc.","29.5"
"2011","Miškingumas","Mažeikių r. sav.","proc.","29.5"
"2012","Miškingumas","Mažeikių r. sav.","proc.","29.5"
"2013","Miškingumas","Mažeikių r. sav.","proc.","29.5"
"2014","Miškingumas","Mažeikių r. sav.","proc.","29.5"
"2015","Miškingumas","Mažeikių r. sav.","proc.","29.5"
"2016","Miškingumas","Mažeikių r. sav.","proc.","29.6"
"2017","Miškingumas","Mažeikių r. sav.","proc.","29.7"
"2018","Miškingumas","Mažeikių r. sav.","proc.","29.7"
"2019","Miškingumas","Mažeikių r. sav.","proc.","29.7"
"2020","Miškingumas","Mažeikių r. sav.","proc.","29.7"
"2021","Miškingumas","Mažeikių r. sav.","proc.","29.7"
"2022","Miškingumas","Mažeikių r. sav.","proc.","29.7"
"2023","Miškingumas","Mažeikių r. sav.","proc.","29.7"
"2024","Miškingumas","Mažeikių r. sav.","proc.","29.8"
"2004","Miškingumas","Plungės r. sav.","proc.","32.7"
"2005","Miškingumas","Plungės r. sav.","proc.","34.5"
"2006","Miškingumas","Plungės r. sav.","proc.","35.9"
"2007","Miškingumas","Plungės r. sav.","proc.","35.9"
"2008","Miškingumas","Plungės r. sav.","proc.","35.9"
"2009","Miškingumas","Plungės r. sav.","proc.","36.0"
"2010","Miškingumas","Plungės r. sav.","proc.","36.0"
"2011","Miškingumas","Plungės r. sav.","proc.","36.0"
"2012","Miškingumas","Plungės r. sav.","proc.","36.0"
"2013","Miškingumas","Plungės r. sav.","proc.","36.0"
"2014","Miškingumas","Plungės r. sav.","proc.","36.1"
"2015","Miškingumas","Plungės r. sav.","proc.","36.5"
"2016","Miškingumas","Plungės r. sav.","proc.","36.3"
"2017","Miškingumas","Plungės r. sav.","proc.","36.4"
"2018","Miškingumas","Plungės r. sav.","proc.","36.4"
"2019","Miškingumas","Plungės r. sav.","proc.","36.4"
"2020","Miškingumas","Plungės r. sav.","proc.","36.6"
"2021","Miškingumas","Plungės r. sav.","proc.","36.4"
"2022","Miškingumas","Plungės r. sav.","proc.","36.4"
"2023","Miškingumas","Plungės r. sav.","proc.","36.5"
"2024","Miškingumas","Plungės r. sav.","proc.","36.5"
"2004","Miškingumas","Rietavo sav.","proc.","48.7"
"2005","Miškingumas","Rietavo sav.","proc.","53.2"
"2006","Miškingumas","Rietavo sav.","proc.","53.3"
"2007","Miškingumas","Rietavo sav.","proc.","53.3"
"2008","Miškingumas","Rietavo sav.","proc.","53.3"
"2009","Miškingumas","Rietavo sav.","proc.","53.4"
"2010","Miškingumas","Rietavo sav.","proc.","53.4"
"2011","Miškingumas","Rietavo sav.","proc.","53.4"
"2012","Miškingumas","Rietavo sav.","proc.","53.4"
"2013","Miškingumas","Rietavo sav.","proc.","53.4"
"2014","Miškingumas","Rietavo sav.","proc.","53.4"
"2015","Miškingumas","Rietavo sav.","proc.","54.1"
"2016","Miškingumas","Rietavo sav.","proc.","54.2"
"2017","Miškingumas","Rietavo sav.","proc.","54.2"
"2018","Miškingumas","Rietavo sav.","proc.","54.2"
"2019","Miškingumas","Rietavo sav.","proc.","54.2"
"2020","Miškingumas","Rietavo sav.","proc.","54.2"
"2021","Miškingumas","Rietavo sav.","proc.","54.2"
"2022","Miškingumas","Rietavo sav.","proc.","54.3"
"2023","Miškingumas","Rietavo sav.","proc.","54.3"
"2024","Miškingumas","Rietavo sav.","proc.","54.5"
"2004","Miškingumas","Telšių r. sav.","proc.","29.7"
"2005","Miškingumas","Telšių r. sav.","proc.","34.4"
"2006","Miškingumas","Telšių r. sav.","proc.","34.7"
"2007","Miškingumas","Telšių r. sav.","proc.","34.7"
"2008","Miškingumas","Telšių r. sav.","proc.","34.7"
"2009","Miškingumas","Telšių r. sav.","proc.","34.7"
"2010","Miškingumas","Telšių r. sav.","proc.","34.7"
"2011","Miškingumas","Telšių r. sav.","proc.","34.7"
"2012","Miškingumas","Telšių r. sav.","proc.","34.8"
"2013","Miškingumas","Telšių r. sav.","proc.","35.2"
"2014","Miškingumas","Telšių r. sav.","proc.","35.2"
"2015","Miškingumas","Telšių r. sav.","proc.","35.6"
"2016","Miškingumas","Telšių r. sav.","proc.","35.6"
"2017","Miškingumas","Telšių r. sav.","proc.","35.6"
"2018","Miškingumas","Telšių r. sav.","proc.","35.6"
"2019","Miškingumas","Telšių r. sav.","proc.","35.6"
"2020","Miškingumas","Telšių r. sav.","proc.","35.6"
"2021","Miškingumas","Telšių r. sav.","proc.","35.6"
"2022","Miškingumas","Telšių r. sav.","proc.","35.6"
"2023","Miškingumas","Telšių r. sav.","proc.","35.7"
"2024","Miškingumas","Telšių r. sav.","proc.","35.7"
"2004","Miškingumas","Utenos apskritis","proc.","32.8"
"2005","Miškingumas","Utenos apskritis","proc.","32.8"
"2006","Miškingumas","Utenos apskritis","proc.","32.8"
"2007","Miškingumas","Utenos apskritis","proc.","32.8"
"2008","Miškingumas","Utenos apskritis","proc.","33.3"
"2009","Miškingumas","Utenos apskritis","proc.","34.0"
"2010","Miškingumas","Utenos apskritis","proc.","34.1"
"2011","Miškingumas","Utenos apskritis","proc.","34.1"
"2012","Miškingumas","Utenos apskritis","proc.","34.1"
"2013","Miškingumas","Utenos apskritis","proc.","34.1"
"2014","Miškingumas","Utenos apskritis","proc.","34.3"
"2015","Miškingumas","Utenos apskritis","proc.","34.5"
"2016","Miškingumas","Utenos apskritis","proc.","34.5"
"2017","Miškingumas","Utenos apskritis","proc.","34.6"
"2018","Miškingumas","Utenos apskritis","proc.","34.7"
"2019","Miškingumas","Utenos apskritis","proc.","34.7"
"2020","Miškingumas","Utenos apskritis","proc.","34.8"
"2021","Miškingumas","Utenos apskritis","proc.","35.0"
"2022","Miškingumas","Utenos apskritis","proc.","34.5"
"2023","Miškingumas","Utenos apskritis","proc.","34.5"
"2024","Miškingumas","Utenos apskritis","proc.","35.3"
"2004","Miškingumas","Anykščių r. sav.","proc.","30.3"
"2005","Miškingumas","Anykščių r. sav.","proc.","30.6"
"2006","Miškingumas","Anykščių r. sav.","proc.","30.6"
"2007","Miškingumas","Anykščių r. sav.","proc.","30.6"
"2008","Miškingumas","Anykščių r. sav.","proc.","32.2"
"2009","Miškingumas","Anykščių r. sav.","proc.","32.2"
"2010","Miškingumas","Anykščių r. sav.","proc.","32.2"
"2011","Miškingumas","Anykščių r. sav.","proc.","32.2"
"2012","Miškingumas","Anykščių r. sav.","proc.","32.2"
"2013","Miškingumas","Anykščių r. sav.","proc.","32.4"
"2014","Miškingumas","Anykščių r. sav.","proc.","32.6"
"2015","Miškingumas","Anykščių r. sav.","proc.","32.7"
"2016","Miškingumas","Anykščių r. sav.","proc.","32.7"
"2017","Miškingumas","Anykščių r. sav.","proc.","32.8"
"2018","Miškingumas","Anykščių r. sav.","proc.","33.2"
"2019","Miškingumas","Anykščių r. sav.","proc.","33.2"
"2020","Miškingumas","Anykščių r. sav.","proc.","33.2"
"2021","Miškingumas","Anykščių r. sav.","proc.","33.8"
"2022","Miškingumas","Anykščių r. sav.","proc.","33.9"
"2023","Miškingumas","Anykščių r. sav.","proc.","34.0"
"2024","Miškingumas","Anykščių r. sav.","proc.","34.2"
"2004","Miškingumas","Ignalinos r. sav.","proc.","35.5"
"2005","Miškingumas","Ignalinos r. sav.","proc.","35.5"
"2006","Miškingumas","Ignalinos r. sav.","proc.","35.5"
"2007","Miškingumas","Ignalinos r. sav.","proc.","35.5"
"2008","Miškingumas","Ignalinos r. sav.","proc.","35.5"
"2009","Miškingumas","Ignalinos r. sav.","proc.","37.5"
"2010","Miškingumas","Ignalinos r. sav.","proc.","36.0"
"2011","Miškingumas","Ignalinos r. sav.","proc.","36.0"
"2012","Miškingumas","Ignalinos r. sav.","proc.","36.0"
"2013","Miškingumas","Ignalinos r. sav.","proc.","36.0"
"2014","Miškingumas","Ignalinos r. sav.","proc.","36.3"
"2015","Miškingumas","Ignalinos r. sav.","proc.","36.4"
"2016","Miškingumas","Ignalinos r. sav.","proc.","36.4"
"2017","Miškingumas","Ignalinos r. sav.","proc.","36.5"
"2018","Miškingumas","Ignalinos r. sav.","proc.","36.6"
"2019","Miškingumas","Ignalinos r. sav.","proc.","36.6"
"2020","Miškingumas","Ignalinos r. sav.","proc.","36.6"
"2021","Miškingumas","Ignalinos r. sav.","proc.","36.8"
"2022","Miškingumas","Ignalinos r. sav.","proc.","36.9"
"2023","Miškingumas","Ignalinos r. sav.","proc.","37.0"
"2024","Miškingumas","Ignalinos r. sav.","proc.","37.1"
"2004","Miškingumas","Molėtų r. sav.","proc.","28.5"
"2005","Miškingumas","Molėtų r. sav.","proc.","28.6"
"2006","Miškingumas","Molėtų r. sav.","proc.","28.5"
"2007","Miškingumas","Molėtų r. sav.","proc.","28.5"
"2008","Miškingumas","Molėtų r. sav.","proc.","28.9"
"2009","Miškingumas","Molėtų r. sav.","proc.","31.2"
"2010","Miškingumas","Molėtų r. sav.","proc.","31.2"
"2011","Miškingumas","Molėtų r. sav.","proc.","31.2"
"2012","Miškingumas","Molėtų r. sav.","proc.","31.2"
"2013","Miškingumas","Molėtų r. sav.","proc.","31.2"
"2014","Miškingumas","Molėtų r. sav.","proc.","31.3"
"2015","Miškingumas","Molėtų r. sav.","proc.","31.5"
"2016","Miškingumas","Molėtų r. sav.","proc.","31.5"
"2017","Miškingumas","Molėtų r. sav.","proc.","31.6"
"2018","Miškingumas","Molėtų r. sav.","proc.","31.6"
"2019","Miškingumas","Molėtų r. sav.","proc.","31.6"
"2020","Miškingumas","Molėtų r. sav.","proc.","31.7"
"2021","Miškingumas","Molėtų r. sav.","proc.","31.8"
"2022","Miškingumas","Molėtų r. sav.","proc.","31.9"
"2023","Miškingumas","Molėtų r. sav.","proc.","32.0"
"2024","Miškingumas","Molėtų r. sav.","proc.","32.0"
"2004","Miškingumas","Utenos r. sav.","proc.","31.8"
"2005","Miškingumas","Utenos r. sav.","proc.","31.8"
"2006","Miškingumas","Utenos r. sav.","proc.","31.8"
"2007","Miškingumas","Utenos r. sav.","proc.","31.8"
"2008","Miškingumas","Utenos r. sav.","proc.","31.8"
"2009","Miškingumas","Utenos r. sav.","proc.","33.0"
"2010","Miškingumas","Utenos r. sav.","proc.","33.1"
"2011","Miškingumas","Utenos r. sav.","proc.","33.1"
"2012","Miškingumas","Utenos r. sav.","proc.","33.2"
"2013","Miškingumas","Utenos r. sav.","proc.","33.2"
"2014","Miškingumas","Utenos r. sav.","proc.","33.4"
"2015","Miškingumas","Utenos r. sav.","proc.","33.7"
"2016","Miškingumas","Utenos r. sav.","proc.","33.7"
"2017","Miškingumas","Utenos r. sav.","proc.","33.7"
"2018","Miškingumas","Utenos r. sav.","proc.","33.7"
"2019","Miškingumas","Utenos r. sav.","proc.","33.7"
"2020","Miškingumas","Utenos r. sav.","proc.","33.9"
"2021","Miškingumas","Utenos r. sav.","proc.","33.9"
"2022","Miškingumas","Utenos r. sav.","proc.","34.1"
"2023","Miškingumas","Utenos r. sav.","proc.","34.2"
"2024","Miškingumas","Utenos r. sav.","proc.","34.3"
"2004","Miškingumas","Visagino sav.","proc.","56.0"
"2005","Miškingumas","Visagino sav.","proc.","56.0"
"2006","Miškingumas","Visagino sav.","proc.","56.0"
"2007","Miškingumas","Visagino sav.","proc.","56.0"
"2008","Miškingumas","Visagino sav.","proc.","56.0"
"2009","Miškingumas","Visagino sav.","proc.","20.2"
"2010","Miškingumas","Visagino sav.","proc.","57.6"
"2011","Miškingumas","Visagino sav.","proc.","57.6"
"2012","Miškingumas","Visagino sav.","proc.","57.6"
"2013","Miškingumas","Visagino sav.","proc.","57.6"
"2014","Miškingumas","Visagino sav.","proc.","58.0"
"2015","Miškingumas","Visagino sav.","proc.","57.8"
"2016","Miškingumas","Visagino sav.","proc.","57.5"
"2017","Miškingumas","Visagino sav.","proc.","57.5"
"2018","Miškingumas","Visagino sav.","proc.","57.5"
"2019","Miškingumas","Visagino sav.","proc.","57.5"
"2020","Miškingumas","Visagino sav.","proc.","58.0"
"2021","Miškingumas","Visagino sav.","proc.","57.7"
"2022","Miškingumas","Visagino sav.","proc.","57.5"
"2023","Miškingumas","Visagino sav.","proc.","57.5"
"2024","Miškingumas","Visagino sav.","proc.","55.7"
"2004","Miškingumas","Zarasų r. sav.","proc.","37.2"
"2005","Miškingumas","Zarasų r. sav.","proc.","37.2"
"2006","Miškingumas","Zarasų r. sav.","proc.","37.2"
"2007","Miškingumas","Zarasų r. sav.","proc.","37.2"
"2008","Miškingumas","Zarasų r. sav.","proc.","37.3"
"2009","Miškingumas","Zarasų r. sav.","proc.","37.2"
"2010","Miškingumas","Zarasų r. sav.","proc.","37.2"
"2011","Miškingumas","Zarasų r. sav.","proc.","37.2"
"2012","Miškingumas","Zarasų r. sav.","proc.","37.2"
"2013","Miškingumas","Zarasų r. sav.","proc.","37.2"
"2014","Miškingumas","Zarasų r. sav.","proc.","37.3"
"2015","Miškingumas","Zarasų r. sav.","proc.","37.6"
"2016","Miškingumas","Zarasų r. sav.","proc.","37.6"
"2017","Miškingumas","Zarasų r. sav.","proc.","37.7"
"2018","Miškingumas","Zarasų r. sav.","proc.","37.8"
"2019","Miškingumas","Zarasų r. sav.","proc.","37.8"
"2020","Miškingumas","Zarasų r. sav.","proc.","38.1"
"2021","Miškingumas","Zarasų r. sav.","proc.","38.2"
"2022","Miškingumas","Zarasų r. sav.","proc.","38.2"
"2023","Miškingumas","Zarasų r. sav.","proc.","38.3"
"2024","Miškingumas","Zarasų r. sav.","proc.","38.4"
